,Name,lat,lng,rating,number,place_id,type,photos,weighted_avg
1,Amber Palace,26.9854865,75.8513454,4.6,160505,ChIJ-w3Sy1qwbTkRK34UR2ffIWI,tourist_attraction,"['places/ChIJ-w3Sy1qwbTkRK34UR2ffIWI/photos/AelY_CtKc-c_yvl_P9ptufJcTlyhtyMmCXdP9fN39WaxSNwaqA5T2GEWbAsdqpw54P_boBmaAJgk5I2kOHwimyiVxD-t6lrq-GSJZWfrLqGv22OOlA_IcDzGIsDE7fV6bAKV8RiXHKabRI2qEmgFxU3M_Rs2wRPYKEda6OXl', 'places/ChIJ-w3Sy1qwbTkRK34UR2ffIWI/photos/AelY_Cue_jekL5kH0FBsNYvj9yg7mRcCq1XSCplaEerM7_ZjGPagIgvHk-mfKhKAihyiPfScOaGFj0i7rR4RZeHzyjF01ItBGDYCvjbpsUPzRPFFmoBpPM2KGkP-dSZyJLswzgUsar_2P2BaexYjSgqja42XBUMRdtGYKDiT', 'places/ChIJ-w3Sy1qwbTkRK34UR2ffIWI/photos/AelY_CvUjtI3iyqDjwEQMyonVHJ2aywiW0DzRPrw2QMbgE5IBs-F3q29RcJ1egWGRjxjDYXM1DPyxSeSUW6UC1jAg4Vt-utxIzJE5r8kCbR21l6eAFWzu_hW8aGy408xgTcpKiF2geYv0WCgzukwPELedMnI2yGAB-SyhDFB', 'places/ChIJ-w3Sy1qwbTkRK34UR2ffIWI/photos/AelY_CtVUC5DVec2TmUEh19d1utQWIPDYrgYD2X3yyfLxdkwN9GeGoSEs2UdiAS8jUEkSXYUMCJJxoCAwkIU8m0YC-ksSXEUKBrXj1Hkzj4ITjj9i_HekB3lgzbW9J2z782RkgJBDdwEYhn6Xr2YhsxmR4RyADl6gYnv5lBO', 'places/ChIJ-w3Sy1qwbTkRK34UR2ffIWI/photos/AelY_CsFA1XJE7sQz-CDTj6TgWMmyYWiVjsR_pkjErjlZK3L_zFlgGaREDEzWVAFiuNQMmuo-t_HuwTYt6LQjM3N86cs2TsoJ9G2AQN0MbIolM2qfPhbH8xp_dH1udpOVrl5V2PAG5zldZwVCSMVdpFR-hSiZjau5jfjPl8B', 'places/ChIJ-w3Sy1qwbTkRK34UR2ffIWI/photos/AelY_CsK48_FS_mvJI4uo2cypkdcK8Uu3QrpoYuCjtQtPpP8Ff-EHmdk0dRQ5HwhrhtzWKnLbEHdqU9kKKLUS7CVZ969RplK_QhPgu-G6aCDK0sA3coIfC6bu9q_3A1BE2l9g73CWJu2r2MC8ckpV-nf83WPyOTr32jCGWt3', 'places/ChIJ-w3Sy1qwbTkRK34UR2ffIWI/photos/AelY_CsauK-WMX8hScnth48YwJ7mNe-aMHbZTb3w50q1p7X8HOVyoksYh4erS9wh3R2cdy7QhnY9DYSaU6uZCKenMzNX6T5LmUIQWvJdWlmxjzLuCQZnGel-9gpAOGRf17JZD6Jhrc6wDB97vpZdpmPazNUP2XB4_Cmv3Fh0', 'places/ChIJ-w3Sy1qwbTkRK34UR2ffIWI/photos/AelY_CvSn4RG4JdLLBf09oWlSV3BFL4wPKbBJKbAiwQpvt0EINKmP24hrvSd_PQoIgad11dzA_yy9q3vJ7aJDie0tcXP1kbmVTEFrnvUPZ-roZp60fwey0_kLrYrR_6UBWUOuS5X4mkZEGVXIHxmc1lA1Br5yCfTNX6vj9k', 'places/ChIJ-w3Sy1qwbTkRK34UR2ffIWI/photos/AelY_CupvIgFClEPlsSum84Xux-JxqQbnMs5s8FD1ENipo5f6iIlPomWKCbkZvPthuVpkXFwyiBYt0ZvjNzLvSHKgwgRJF89D5w2FlUMcY1b20px8GO5CGHBlf-otwkZDU-f0hjBVKNksljUejRDShzeV1dxrnJBTFoP1mGB', 'places/ChIJ-w3Sy1qwbTkRK34UR2ffIWI/photos/AelY_Cv0dhaYVlSS1Qk9zP1SWXIkZWlT9m_U3WZlxtJGqMsAsKaSAb0D9dOGc9LPLqG-09MczWZgz4eUp4TiuTNpKPZQllD86ff_4r98ZwCMlcbTrRj4uY1BBHggWh3xcKKMfxOYqKqWo8NtVi6qqQrmLUyIYPKnY39UGBu8']",112354.88
0,Hawa Mahal,26.9240458,75.8267144,4.5,141438,ChIJpQvTG0uxbTkRDLLMHlNdDoY,tourist_attraction,"['places/ChIJpQvTG0uxbTkRDLLMHlNdDoY/photos/AelY_Cu5yaDq4D-gzfKKdoJPYaLtFjFPbzKNGjOQ0nUuwU4mZTrPUvfWQXm3O9XpMDERNEYu3YUh_1gxk6SmP0Xr8ASEVEivPEwkXtMXCgjYV5znH6e-UFD8DJzPUV95tPlImjfWSFBnBwhV4Rp_dceGMZ8jLsDP0qsDnxXW', 'places/ChIJpQvTG0uxbTkRDLLMHlNdDoY/photos/AelY_CvEBJvuqI1jWLX_MMAkfFMBQPPWxNJydM15SXUjNxZ-hZrqah5iwZGwCjIfxlHXpmh5ZxjtH5jLc0P96sFDcmB_Fcx4RmIXBzJu1cyiPyOJvciqGRwdJM8izO2D4FsjFsyWgFySAnheeLQo-NpzMw_TIcBa88-Edm4', 'places/ChIJpQvTG0uxbTkRDLLMHlNdDoY/photos/AelY_CsAOtsMDVahUaW1u7EVzYtW1YWt0HWsBWSYP3xJEP82XT0UT8z6HuxLWaEAw6oh_Zi5NZ5N7ez8bNkC3OlqgxRy5H4oUI2qNIgb3VE-r66ihmFCrgXR1lDFOo35VF2oX8ilaMiK9mhi151alTMqyGTZIBb47MX8wikm', 'places/ChIJpQvTG0uxbTkRDLLMHlNdDoY/photos/AelY_Cu09jpDfa7r2sdO54EvGeY-IaeUWzESeklKXQRgNOLN0aBoYfyFRQ-SYtO-fEYW2Jskh2yNGQAELhB3JzKgHd4VlS_bOuewpcPZCO_2tcxoOifvDsM-q01Pc1k4i7nIlIwFNIUmbgIGCI-r6Y2vCmKenKeOlmEuqwzY', 'places/ChIJpQvTG0uxbTkRDLLMHlNdDoY/photos/AelY_CunVh0z3-aoGPnUuqpFZ2lUv013f5Mgenj83DvuoPz5SnxFDYD-RNtEdTtIpS3m0XyFu-oon8vMfvYlW9JIez4jpd4paeYVyuJmrJKVtPXfIxJllVdPy-f_XTGIgXPBxryhQ2d2ank7dQ6-26h8gsztwjVJyYiNo_DW', 'places/ChIJpQvTG0uxbTkRDLLMHlNdDoY/photos/AelY_Cvzi-eXn-ZoG7fyQD0cT1S6eRcRdwXOeQYawUB3ZuMIop741diLAcJ_luV9u_sWud3-35UGTDGFsiMVLt3Bh0xbZX_EcDB7chyM68lXuczroLYpOOiHdqwV7Pnj4pOqk1_KlFa6hTHeUH36M2ScchAFNLyVqNki0as5', 'places/ChIJpQvTG0uxbTkRDLLMHlNdDoY/photos/AelY_CuVxZ4y_6HSgCv5oeXvWmYTFfGVlF7Ej-Weceq6I_SzmxOIOIK4kssqH5DZhs3CDDRtvdI4zMehh9XeW3qPlGdtcGEqgBdaaSI0LgY47S90s8LxdrhluFOjxidKEVR9cWiolpscF45ybYaM7_fauwWMCXC7MLO2fKY', 'places/ChIJpQvTG0uxbTkRDLLMHlNdDoY/photos/AelY_Csxt_NdRXkHTBGqJ5tFp6UZ6vsOagnqKuB7x6zWCt9IRn5NOzFycfnLPyPcfNEBG5uQZ3YQnJoOoJf_NjbycIfWT-sEE7uJ_Ujhq2e69VrqecRlkhNtfadssRa9fHehzV_PbbjP-anr76AIMr9pc89wv5PNbCvzHrSY', 'places/ChIJpQvTG0uxbTkRDLLMHlNdDoY/photos/AelY_CsU6g_gAmPpYPQAYm08pLg-LL6BvZlZqkhfRFqpoGHFZdr6of38j1VMzO6t8jYtGndkxJ3Rai-rnf6qXcOX4Ta7u8hQJX5_64voNbESE_wx7R35jhcAQgHNTcj5yL33e_uyPx2AudO5DxUiP7rrcAL_pu38cXv7Cxm1', 'places/ChIJpQvTG0uxbTkRDLLMHlNdDoY/photos/AelY_CuNeGdMAns0C0dhaHGZN4k4wJ7WtIOpeyuj_EA8rhW9iMGWdALad5tLxHaY-ZIa0mSUO7cPxIdkO4ijC9taDr5PQNtZWXKdUWqsKK6SvD6F7CYNi0o_tK2OynMcLegCwKYYQZf5ivAuQTalY-6d8PcmWXZuGA8PRUNZ']",99007.95
3,The City Palace,26.925794300000003,75.8236714,4.4,52293,ChIJwbAghgu0bTkRYHt9ATEVgEQ,tourist_attraction,"['places/ChIJwbAghgu0bTkRYHt9ATEVgEQ/photos/AelY_CsOKRebtCakSrL3ea2Q5UY5EwbZLL74DluqdL7dU9tglxxsvQ20xS9Brz3Z6uBZUN8-ZDq3t7F6T0hEvzq_pik1r8fM2rNxMmMMrtjWix8xqYvjpsvdABDr9sCV5Jdyeh24ONahn746Gr6HHpHRQQ_INgQAFOd_7mOH', 'places/ChIJwbAghgu0bTkRYHt9ATEVgEQ/photos/AelY_CsTVjIyjkFR__lNAhBMdFbra9da_kTD8wRofnEwHDS3mAe576d0aV4Gtzl5ubI6jdwhWvwNsim101HjtVdIuuDisvLmbSaiTP-w1rjFF9wcfjQEU6mu5kVV-czK9asdsEVsagYjAV1VilEGymiJvoV8j4brsiMzy05B', 'places/ChIJwbAghgu0bTkRYHt9ATEVgEQ/photos/AelY_CtLsokRg-yuc5WtMi-59FckVpNlxje5ri4qouHQXVPOXmaX7Vhq7nXHwYhzZQglRL2rTHO4N5NjJDr7YCJtgs6N192wGrIDGhtTeUXTWJTwvQrrlhnvtQbJjNAGznqfWCwa3HlEnvjyDtwAeo3Huf7webtGuvxL53eJ', 'places/ChIJwbAghgu0bTkRYHt9ATEVgEQ/photos/AelY_CubUAAYaWlh49qL5h_TW4hQM-E9MA42SDXl3pLVlnx7mgBOMyaW9DpXee2ml-lDaa6mYkmXIhBbBYi-Vw7nQpu9qhlidOltEFAuJ35W_lLorPDuL3KwHc1h9dshrbBk-8QRS81p6Cr5vj8G28eSOa4Z1uD2z8GQi7X8', 'places/ChIJwbAghgu0bTkRYHt9ATEVgEQ/photos/AelY_CvV5DfQjLh4HUCvvJy16YAQ03lzasSDYVwbD5CplpdPMMYMJpipqr9SKGZbso1K7Bqhx0z6kFxd_06etJUa9Cyb1swgEXY1QwsJXWl2-B4nFuVumCX5qdCtcEZpKDLSgyZkhPbIx_bKlDSAnCesa4AeyRJzInFWMh3K', 'places/ChIJwbAghgu0bTkRYHt9ATEVgEQ/photos/AelY_Ctd1gSUzSZPBGbXM7v8OeWFM-dLyHZGlOYjEf5OEKnjWeFP6IiEUblYLQ7MnLrlVgrxT00k5bIGcICWTpWrWLzWe-OM45Mh8tOR9yljLFeJDWHIMWaROk_flk3z4R3PzvelvIHplidF06dZ3d1rnUPkR9-5z97slQMx', 'places/ChIJwbAghgu0bTkRYHt9ATEVgEQ/photos/AelY_CudPaZD9j90lF5PB-JXNE5WPyR2gH3LW7XawBnqmIEicLCV-aDNg18JiWgyGD8Bk0YnFspHDQJZqa09AjZ4rjRjyqQIwBm6KRxXaUVasEIaUPAMAkG6yc3oINjTQE4dQsKTwdupaT8o3gj93ORcG7tvaY36LDQy_NjY', 'places/ChIJwbAghgu0bTkRYHt9ATEVgEQ/photos/AelY_Cu_MsMkhzt6AxtedE-T9GI-QXhW9fcC6PwZqeSxtwmNtm12YyHGjiiPVkGx6WfBTqFTGIrgESehabpcdU1QxgkydDz2p4pzABBpFF_G7XQIpkXjjnRcfMBdwhXh49R5YWUoyaksFW4eI8oaMe9QddANapTEVaQzS49Q', 'places/ChIJwbAghgu0bTkRYHt9ATEVgEQ/photos/AelY_CvbuXiTilQ_9oF1jOma8A52_qfJMN_J0c_04lH3e1X3Dnhg-mWxp4jOw7K5x2PQ_Ql7E-EsdLGAYL-cztAXAP8aXho3Y1Gqq6AbCTwkIw3RQxJ1zgoVaRtyVkk2-chw7nKsu5u_2ccTxTBDs1kJuP12DlKIQrUxd_i_', 'places/ChIJwbAghgu0bTkRYHt9ATEVgEQ/photos/AelY_CvpQ0txL-xY1lyPPsxYt7xp8j_iQ9sCiLoaloqLHcM-nwz23JdOKid3CxhtaMqLbc6BvpF7jiZfskkiSf9bxvC6f0yCUarocZUVWQJoE2ZQ7JPDVXBpTeVKIzmKHVIg9CT0rHI5K9QmS0bI3rCcP2z1N65x4xDEYl3R']",36606.42
5,Jantar Mantar - Jaipur,26.924761999999998,75.82455999999999,4.5,38475,ChIJaXD1f0yxbTkRvquNoSkESuk,tourist_attraction,"['places/ChIJaXD1f0yxbTkRvquNoSkESuk/photos/AelY_CvDvMk92GuYO91AqWFfZEray-zcOfB5fxDx5HpSGF8UUEH0mDTfoIZvoHCBzg7SlPOlOBvu_iCuRp5l333sX5CtLjKJoBm2yc5J_9N4HLD-5peSlC3XGSgpSmcYf-p243j9Of5lMY907Ofu1o4HPkx3lPKcZbaGq1JT', 'places/ChIJaXD1f0yxbTkRvquNoSkESuk/photos/AelY_CtGdpRApCvNgOKe-B_XsfuUHizdddEBH08zWFP5A2h09Yc4GXYZuzm9pnuAxFKcZ9LRCft8FWc-H6W_l8O_hgG5o0MDuL9vW7Mhj1d7qPJlp56DP4yxobcP2j7C_0hFyfWBrzR1FsGQC36pgiqiSJ_NvURk16KuuGqG', 'places/ChIJaXD1f0yxbTkRvquNoSkESuk/photos/AelY_Cvc04Rkn0cTVdvRRRcLaz74pAZhyroG0dPsX09YEaXbThChb6B5tic6cyKn5vBP345LAOYSRZXI25MgNNiaKCz6EC644cVsvq0OT3cpO_TqOkTZHEj9pdHYpYklMrPq78VDJLxhlQTH-NTieoDnyB6UCkFWw_DKFroD', 'places/ChIJaXD1f0yxbTkRvquNoSkESuk/photos/AelY_CuQ9Kt3nIHc11TA3PuRRvcEDGBEAT29cI3peOEKjbhMPmzAnh-L3AyNjBmVf8GzDF5zh-Az2Psjec_IwGoL-dtqZtaXB4ngiFBCrSnDRcaycL8fPslkfyft3AMkiVb5CzV6ocXnzMmipwOU8LfDwMX63jXIfUbz8Bqc', 'places/ChIJaXD1f0yxbTkRvquNoSkESuk/photos/AelY_CuuLJE0emcq4uD49eALa5JxAT0pdsYdsnTJ22cM9W4fMrApKRbW76EL7Jet-6BFGXjXVAPCUSvzSBYje_2DdJiqr3YO2zgnU2a03p0X_JqNVwm2oU5SuPWXrq7M2Oz5Rut5CsOBAbCHzwe7Ob2YoWULRaQbuzEWSt1s', 'places/ChIJaXD1f0yxbTkRvquNoSkESuk/photos/AelY_CtuHEb8LsmQqqE-i-g_rscbLqEqX_AIRNTrVGNs-nYmugq42_hPHkp0bQWwWtUFl03A0xFr_8WQ7w1vL9PwiXId4ylgN4CLf5JSucU4Yj4owfeUByRZCim117JQwOj5_X225j3v1qkmAiNP-TGTbYGi7O9n-LX_SCit', 'places/ChIJaXD1f0yxbTkRvquNoSkESuk/photos/AelY_CudpmQRs2cduR2rze3lBQ81SuZr5W37nzcJBGeC5-EEu_2SLeJoZvSK3UiDWF9eOGmfZcx-1GRB1lGh1lAttiqnEyWGISzaE42Kh2vxEyltOWfQeKGH9lf7ToYWyS4vkHxP9UNUCHiO3mLv1PNOLThIOEX77FSjiVNe', 'places/ChIJaXD1f0yxbTkRvquNoSkESuk/photos/AelY_CvQgPlaBCz0KXdz3ODcGDmJCpCVeYOsWXZOnY58euXOIsR3s83RQwYoDlUVvFwhauTM5SmWtBw7GcDbgGBz01JTGdBkZqMKxmBn7IxkvDJbjdoLhkIBnvWIZNONLIiId1PYE9ciM6gvsgLAE8NJ7mX6BblsW-JvV4xW', 'places/ChIJaXD1f0yxbTkRvquNoSkESuk/photos/AelY_Cu1lYQfR56bcR17X-kAHeQ7puZzQvXabOsvgzlPd_4EaZ8NNKAG-VOCXs1LXG-7xYCDgr7C0elysLsaf2YtvbzZKG_6qF9SF3h6EFzNoIfDcmAEdxtYPtBQAeDrMwHnyxIDWwBPQHmALzYIuZGx2qPaOjebFUOwO-aK', 'places/ChIJaXD1f0yxbTkRvquNoSkESuk/photos/AelY_CsukF1PFifIP9ez5GNHUqBVqGmPtfSGFcCg0L-8UCB9powGV_xJMYCMLMQ_zME9d7nlr61Sr9dvP1pdYJD1wQ8zVFWTszfWrCSuZ_vIGl8wf8GhBteFfpV2Azm9zM2jooucvb9vB4jTKPQyzJZlXkDN9VnUCpGigACn']",26933.85
2,Jal Mahal,26.9534584,75.84612349999999,4.2,33461,ChIJlXJ26RuxbTkR0qsToxFP05c,tourist_attraction,"['places/ChIJlXJ26RuxbTkR0qsToxFP05c/photos/AelY_CtupE_28pt-stJiV7ekug21wc3Fg4qD0llv0ZjzZMiofRERYeapnjQn1sFCjzXUuPvJhQxIfzXu6WVWOePMEmFEBybcnlGEt_FlQ27KCZfP7PB6mnpE4pb9i1ciPqS0uEOk5Qw1XXaI26VQ71xj2rW6oTLsLnFJ9Ntf', 'places/ChIJlXJ26RuxbTkR0qsToxFP05c/photos/AelY_CvESYNv8EESULl-VJ_Pc8JShaCEWot2Y7MsN7H7jRwVke0i3YzVh6JySeZER1I4mxlQ-lYYKHi9ucheovRuOpSNkyx0_dDSLdFiBj3jNvoShx7tnmSzNtDHA57tLGJ32rStA8l8oKzBpEBigUsyZINGKqf7-bae6NEe', 'places/ChIJlXJ26RuxbTkR0qsToxFP05c/photos/AelY_CvwkcrbKgytwuXVZEzFwhOoAZqlz-NlaMoW59IB92hHy-AMcUbsCg6iCf2tEFsjjZxhJRSgWchEdleecpup50Gv6jed_x2muvRJ5vnJyj4Waj0dhNCdRGBK7oU3Q9PO6zzwh3c0C1lsjA7KjoQBmGS4PNsAQZy6DPUe', 'places/ChIJlXJ26RuxbTkR0qsToxFP05c/photos/AelY_CvH_VPt3Q0qyAruLObIhFCpxZ5UVgdT76i1e7SQzX9kcL7ZYbErgYmYIPkRJ_4Tgwnuf42fnbp6s48_X_Ah8QkdUNu1nj6i3anyxTzCOog5oBwMJ_ZSBGolqBXkFrnugnkm0bi2IE1XTDKAs_QtrdJ6KDWSvsa5c_yJ', 'places/ChIJlXJ26RuxbTkR0qsToxFP05c/photos/AelY_CuZ0LEWPToZNAH-MpMpTaHlPDB-zXU1HR0HtrU6JST5AwS4inhTi4L44jhaHpF0AACnyCe1vm-SSxXVa1lr_rZ6SnH-rVHyughcjso0N_I_eqqB3_cs2U5H5hpuUHFCE_ZIdkFKIAj4-Ksxd2uVerIhBMP8T5EgqOkg', 'places/ChIJlXJ26RuxbTkR0qsToxFP05c/photos/AelY_Cu_kzWzGlpYeD5J9rFxarN1oIi3PRTFs6phhM6AjuYQknjEs8pZONleSJ-AA7P6pJGQJrTLHSAnwyLC_t4cXncMfXIzVPci_aRpz8ScEgq44v2o4pMZlMOXSAE9WXdSF-C7ETWtF0prytFCufM5yq33blhUdyDzE-Oq', 'places/ChIJlXJ26RuxbTkR0qsToxFP05c/photos/AelY_Csolbd0vkTaDNvBerd7Xpf8NaddGKVdxnlesLSmFu3ncVDDiCNEbxMl7JDn215-7o9HDDOZDthvOacprl3VToKkK6iEewxi3t-vgSdqpNKlD9gyrqMHUdw5V6fABdWy6gCVDNW_x4cPZh0b54AyiS5e0XftLYf7Egue', 'places/ChIJlXJ26RuxbTkR0qsToxFP05c/photos/AelY_CuWH0vKfoYK4iDZXjQGwSP9kmJsufxtIPL0OdZrjAnBxclnWxuuqSGpNHUAmVpqA5QZyZyKMyO2o-Bo1uQyDzD0MxDpryVOd511hQ6hO3qd62IvZjVLLFb7s0RFVSZbNj7TyuzuN3NrhFoONgIckIANKBvM72lXbQu8', 'places/ChIJlXJ26RuxbTkR0qsToxFP05c/photos/AelY_CsintAJHWj4g4QFOO6bhQsirTcLPa1HGpdUDvYxgk-IEDg7jn2_RsRCdTAtEncxEkNk8m6KWhXOBYxP-kMU2kkretaqc_lemH5ZJOHhCnvKxySzPWBuLxmK-LmLInCeKm2d0NSy1ciwhhLLUt3oO6AbbMM2XfqY1iZM', 'places/ChIJlXJ26RuxbTkR0qsToxFP05c/photos/AelY_Ctoo138oJQYX0eqEq8c-lPjdsAhy7D9GzM5pE56HtFsLxxL0iJ1b2VjTCFnzQ0LAU-WN_eJUlCKwhOy1JhSJLD-um9POzdTQ0VG7pG2WqDzM-8RZqseYC5x2-tX3SARf4DcBpssp63w9k4kXJeqtNIZzRWtPYsvOn6L']",23423.959999999995
6,Jaigarh Fort,26.981605199999997,75.8447917,4.5,28878,ChIJx0lfsbGxbTkRgVOhxJ7EGbw,tourist_attraction,"['places/ChIJx0lfsbGxbTkRgVOhxJ7EGbw/photos/AelY_CuALvqnijUIPkDGemgi5-oVk1WNADDI7Vh_pMdluWETjulate8yd2wxjeghzUc48FTmFtDiEjjJbMQvlNWNhWe7bQ8EdJrFpxgZSH9hQq3ZfBzUsK8AV9b4LmahlfmFTCv-DkV_C_QK5O329KPCn_pmp5U-ZVx3lnZM', 'places/ChIJx0lfsbGxbTkRgVOhxJ7EGbw/photos/AelY_CsZIv_IldKQIAwk4nN3tOsb3CgMKRMgDvZa3rgDfnE8D3CIKMOxd9mfo-x1GU7gETIkZ9wKzTi2mJSdoqxAYMH2cY96WT6yNRomo69YC8Lsu1IaR1b_CZyYxp3dSCBGZMF8cBtiNpq78O_1EwuW9McX3OI5VBC6CrHs', 'places/ChIJx0lfsbGxbTkRgVOhxJ7EGbw/photos/AelY_CvEofEWy6ZHynRzsSkg36yyUEuPsLgkt2tgpYOOKZ1sv8O6K4Atb3xNtqqvJtNVqlHagy3Yl0dcCBfMD7Ho4PprDTBkVSWUfwWg5_XPikZrWYI8Mhx7kekDVoDOUEatxr6vHQMgkaf7AWu2hHCoFDv8EBRYBCbqDYJa', 'places/ChIJx0lfsbGxbTkRgVOhxJ7EGbw/photos/AelY_CudsAXsAbBtPbSMrGEcDfOh6vkJtbpvraMjoa7q3sb0pmQrt5oqqXBstNQ7GT_AEo9640VP7NYe-e0jl_Ugfnka2TpWXQ6gAPpRgx05VtXkuCWBsRSQ_XrGc3VwaKZon03hA3lPd7a9ZilPwi7cL7hO8ksnllPvj4wp', 'places/ChIJx0lfsbGxbTkRgVOhxJ7EGbw/photos/AelY_Ctq_E8ujvg_7Ff-a3PhpIbj9KVzYrjGueG8ofg6YHUiqF9n9E-iVuXUABgiarLeBqvKKTrWHDyd9T6ARbYZ0spgTanO2o0axj8k6hMCmQVti3XdZbzi8dfm31I892pkLzqeZ-XHkYwfrdoArSBpYaBtSvwxtEDgJSKb', 'places/ChIJx0lfsbGxbTkRgVOhxJ7EGbw/photos/AelY_CstejqCjuqCdXVUDQjzrw-ThocbhT8xFNud4N7jndkAFsYgOMaQFzOT7BFzh-rVNFUZIKuahINJRrwelKyDi-O31wrvBVzgvHyNrHD4yNWpUs6u8EP46Fo5JnxPHNF5zzjBE43qg-zJp7Ql4plsl-vhO1DfvLjj9mdy', 'places/ChIJx0lfsbGxbTkRgVOhxJ7EGbw/photos/AelY_Cuw3SQwBUKTTUBjC_yMYnATqm5dn8wfXLMpP86iSUon23smPmtw9d_PQqpcrrXXvEe9lT3fMW0SqNMNwWXDEPfkesRTGh3JtouAL-vM3iNH4sNIKWkcMpr6yArvYvDaeFK8pbCdP8_hYmczWHt5s69FVuomgW96e8CJ', 'places/ChIJx0lfsbGxbTkRgVOhxJ7EGbw/photos/AelY_CvCCXcDHD3WrccHhXWMSI6Tik3qo8XDV_MT2ouXcELT9q534dnpXHt3Ga1KCdtGwW7nSvK4LeLb_BJIGuXaDMTQBj6aunhQfT-l_jJyrJ1byZuxQpsJXRt9eEZWywSGx6jPtEs1Z-QzlSV0Dm2aUC0PzNXlny-lRK8B', 'places/ChIJx0lfsbGxbTkRgVOhxJ7EGbw/photos/AelY_Cty_04m2koHd3kqHINVm3xMDRLCWM-2qwCBItn8UZTFXps11dNCqnguLggKpYwtecl33f_vSxKcoN5bGvHWZXIK30Mkxjh2xzNq2FA639GzPEDw1GRVqb5uhfpRbPzoiCjjDbw-0EkBRMzi0AoLX01ot9_Id4fqhnpz', 'places/ChIJx0lfsbGxbTkRgVOhxJ7EGbw/photos/AelY_Cso-JAnK9-xY4E9Sn5s1Do3dDp1Nh2A8KBsGzbqS_ZST1JrgAraDoXmMzN8OUGCgoWngDfROrx9vUNJoN-NL19eHuLva1pKY7nfKOCM9pcrpjwzzMzDanUFIz1ef_-oj5RqEpzVC_MV4-pwT-09TDL6OlF7dQ7e2pca']",20215.949999999997
11,Jawahar Kala Kendra,26.8763415,75.8091635,4.6,14193,ChIJxVyo7oC2bTkRMJbp0SqUAdA,tourist_attraction,"['places/ChIJxVyo7oC2bTkRMJbp0SqUAdA/photos/AelY_CukGlpXmsyMsLXM-4I1OhiG1cp43u77otZdI-VsqA-mbiA4KY8K74iLRL6aNTjlpeFzvkGBjPViitbKI5utAT9AYzscrV8GLvruNyfDBVOXzzZO9L9icTprzt5pGf2EQCgDe65rWdJ9LIR8PHoRQKekESFptjw16FwO', 'places/ChIJxVyo7oC2bTkRMJbp0SqUAdA/photos/AelY_CtmzCOlpyqZKeAsI-herieSZziYrf97tBUROoJ0cZ76jN_ZIyitVmHkEXMcnUl43QW2nswr8MtOsVDChSClnn2wOP38-tAnP04-9DTow9y_8HZcrPuMdACB2EAiEXckHnwgIS990ZrX3mpqf2NUcZLJjdtKqLlo8nu3', 'places/ChIJxVyo7oC2bTkRMJbp0SqUAdA/photos/AelY_CvAK1RYWzs1JeNPjzAAlIoqtaD_TGekd1bkqLLe6OcAFRft9QHrIffEegQOA2R3IOp1PCZikZhZiI7p53s2WMss-c5Yyy-jylTnaMmhapJcJo3VGYLSxTtklbweDbu2ojpvMhuXishif1TFVi_bogkbtmXJ-ZlMp1UG', 'places/ChIJxVyo7oC2bTkRMJbp0SqUAdA/photos/AelY_Cu1uB6ZjYmrEDkgmpSjZW9E2UxLcqHA8c0gypigDIiXiIqeSfFd0h_7m5ysSaP6QfU_FPDI9pJTGZ3VPsBc7uCsJLs4lAN8Xo8BO8EcG6fqWS5lFHlC2lgQ_7MvmP3vlo776_Qnu3vrPOUZWHmIiWMJNVOM_9Vxk5si', 'places/ChIJxVyo7oC2bTkRMJbp0SqUAdA/photos/AelY_CuKOjXtNwiBqPQuAHpwZfzbVjfC4sfJdvYl2iuoEeP9lqOq_TFZtO5ztKZu_aLOgPhR3g45BG8e-nMDNtKcKBwDGXYpag-7qNo7Fkz3qCHYuiiUq90kcp2dStQSLuUP2kPeDqCwiPTuvFp9cjuAdl5ttEpHLEjPmoeS', 'places/ChIJxVyo7oC2bTkRMJbp0SqUAdA/photos/AelY_CtDKgKVk_e_Z8owFCL0VSwnZlm4Plzj4Wq8IpAB4HZS1gt-BF4e9dGF1tVZloh0Q3vpFlBmXzTVETrsk637nDY6B7U0H_ipXkQNW4kYGGfoN9qOainm_rUwuonLVdcwOm-Hbsxpa0U61ONNQEz6rVcEvWt6f8bZ7alR', 'places/ChIJxVyo7oC2bTkRMJbp0SqUAdA/photos/AelY_Cs5LtKBrrQpV8IUfOMkMDPoet8zS0zZNQkI7rlQDg7mFYW2f2Qsste-UWTGHz6TD2sioV_cCYlrVfXbhc9ENU7PaCcIOxwsIPQCsLh1VrfEAMKktDG-I8u4jC5ksYcO6xoVqnq1MRcZz4ltNQckNZin79bQteWjc2va', 'places/ChIJxVyo7oC2bTkRMJbp0SqUAdA/photos/AelY_Csa0vsCmpZR1KtOgwnhg0b9J1LdqGOZl9_KSh6rUj4-h9XdHtLL_bJgLe9dYWLKYzVZTJDTAd-nzzu8SII1yAlA3kDK0H_Hcp9rLgD8RKXUypTB38EuM9WIpDFIlAsZn7Xc-JjAI36soxXe7tMPhEgffuIr03C92Gd4', 'places/ChIJxVyo7oC2bTkRMJbp0SqUAdA/photos/AelY_CubaEOaIyKDG9gRGZx-ZhqReshKxoYK5jgVDDkVr1KCGGJ4q7ChYNs8hAccP90ZBsTWbao-WmvuD0XZ9cPIS6lEDyxtmhyzmNjatJoknE0F9acyePKfzGWLFdZdI6W6a4v51cWX3LnmfPa3Lsrlq9VwPZPIEtwuG8Qt', 'places/ChIJxVyo7oC2bTkRMJbp0SqUAdA/photos/AelY_CtVeNRujvuKGgfnNA4HfPxhJaHp9siDyaESb6vMeEUtmjgTiNsHTBwdyyRdi8nUDDNWdEAp33agfLdosA8wRTerA2_67A7WCh64Fn85bcY54AWlwimZCW1lZy1FdNOD-038X6PM9gk_Xn_LRYaOaXDnldOJ2Kpn475E']",9936.479999999998
4,Patrika Gate,26.841632699999998,75.8013916,4.6,14050,ChIJBeghdoS1bTkRmmxGdNpi3c8,tourist_attraction,"['places/ChIJBeghdoS1bTkRmmxGdNpi3c8/photos/AelY_CsYoo3OQAKO3pNgjXcBpmOJwJiZGuVXDWRG9ksZ38fbQEJt-LG-gnikjazcHNkS-5JXkB87uz4Dt9R-TzyTwmQ4K2WJXcZpVcH9VhJ0ZWifct8xU8SPDH89Xr4cwLY3bB0T_FcvKP5gebQuL2oyf6hUIweTnk6cM5o', 'places/ChIJBeghdoS1bTkRmmxGdNpi3c8/photos/AelY_CsbaSnJ_cT_l3ePgzyJmtvhIVTV2ZcXZN00rV7HqghLKJZWqpC9uduktunsgyHB36s0Hztr84jAanR_ufwm3KIUkYCDQ-n1XpBdTU58ijDGZrM6JOlq5Xn8RRBUmvMpnyIY6jpjroLJio-jgVYJdan_aE6Jo6sP6AmI', 'places/ChIJBeghdoS1bTkRmmxGdNpi3c8/photos/AelY_CuKK5eShLDl_CNWP-dOJgPtJmNqFsRkPE8jfqJ1EmHAEzx1vMcEeUaxYS7gmC4r53OJ58FwiuufoyQlcfyf_FXFjc7owwAXoBuzlQEeiMRI8qanV1drVkHsznAA0TOJNE25bUqZV5VlpIg7C53sX5UWJ4lsFqxgGM0-', 'places/ChIJBeghdoS1bTkRmmxGdNpi3c8/photos/AelY_CuCdtqQ5h4cRdzKGAWCmbJpZLVa-Y5RiMSsFY3VuGNQNNNn6joa-7OgJtOKLDNogwDh1HcdprtTtrU03FMWKz9HkwUBmB1BAKHyR1REhbQrVAE4elqwrohcMWy77Kn0AzBHqv7_Jqqky_IKGy42vAi_OSF0JrnV-iQ', 'places/ChIJBeghdoS1bTkRmmxGdNpi3c8/photos/AelY_Cu3IdOZqw3cFQmPdm9j09OqfoSUNpKYApP9lSr-VXzqxj-Uqft3jLmKQHnK9fNV9-f0nYkEF4HgnGk_pardZb2pO02fbGOnt0NG5LjGv3fNqQcIEQDjc3UQ-2sN3clLkzS6KPTUMk4XRbwXgR9eeXwUABUfo25hLKLK', 'places/ChIJBeghdoS1bTkRmmxGdNpi3c8/photos/AelY_Cv3B92LcU3mXwlt0EUp3z7Z0Mtg-dsDralkaRoW3VvyY-_ZBitSjvlbARiq_e19RUu90BHgNOe926Uj8lmCwNMC8Z65UbvBDzL5ole_HeJ0InxByGKj7ARtxYvIxJ7wqzcgTs0W_ixyMcI3oEqWOEu85nVKpkCLKnk', 'places/ChIJBeghdoS1bTkRmmxGdNpi3c8/photos/AelY_CtozKCFRk8iSyRjwJVWt-G8B8GTHSxCzxiDlrucxD8-YJq1jb5B3j_BMG7Q895kMXMd61U-tr7VJLQAPRsBDwz1gXXwl_EOI83DhT7f2OfMbbAdZtObTobDRjirWAKZ2zXS4XHU2-X7RgoVrx5vrRD8wm4MJBUVb5Nj', 'places/ChIJBeghdoS1bTkRmmxGdNpi3c8/photos/AelY_CvQUX1xnOSvtuDr1Yxn8DSnf4opXzwRJ_aDsvbi2FyTnU8--jFRaTxFDbh82-Qvk59mWH41XiqNdux9neZDFWQff0BzW4m_XmKXPrSFr6fqAjJb7FeztWGHSK05GfR5HcyMDjegHf0Ayrz853yGnhVxf3xt8PR3i5Kc', 'places/ChIJBeghdoS1bTkRmmxGdNpi3c8/photos/AelY_CvUSHfyu45PSKN2hPV53JRJGCk_nxxS5uv7_RIMgxLG4ky6c8R02hKynmOmcwUJlks7uZVluk3XYSqWKSuXPSr2P9V38kmev0TqGe20_RVnKK1ASycjtaIUG-owXWaUQ292200zs4-Ws_3U00Hve8DVGXi9wSacoW6G', 'places/ChIJBeghdoS1bTkRmmxGdNpi3c8/photos/AelY_CvaMMXWHJuosuNcZdjtMBOoG4Gzz5L72Nyk_s75olWtFLsA6LmVxGBJ6w-0Xr_2_GwfL3VUzE-JluU2GIwWN-L3eUz_XWEKkd62g52ULCYHd0584gTdkEJytyZaNDgJewaAsnt67ugPfimv_BXjVmZDcNssUfzd0yBD']",9836.38
7,Nahargarh Biological Park,27.0160575,75.8644631,4.3,10933,ChIJ67xPmiGwbTkROPWfDp9m0rQ,tourist_attraction,"['places/ChIJ67xPmiGwbTkROPWfDp9m0rQ/photos/AelY_Cuu-295GGwRXRe9ygsOEKPLwWmwmI0oL6QUUPujStwt-QnwuZQka7HScEpV3IMvpi2So08Op2S6izUcSrDhi_lN3dY6KEsBgLHgSdPuVPRLUo_hQfe8aVq0fO8iK9E8kWMTm7Siy-tr5uNq7aqdfCVRPKPZWY9TAMHG', 'places/ChIJ67xPmiGwbTkROPWfDp9m0rQ/photos/AelY_Csqh092UZGDoi94ejxqBYRKySTc_XIXH_fCcBy4AGbz8tr6YPDtrSyiVP5OQGQBLMOcmYVtU1pmBS1uVYQUpc5tRftMX_wRUR8BHoG7kYFJfvHuF0-2LBZO29eF-HbEycsTKwXgH9xwMiYg6U0joKLLsPhTQHNWEYsY', 'places/ChIJ67xPmiGwbTkROPWfDp9m0rQ/photos/AelY_CsXRqjLBWlI7lLxaZSwDNUoHKO8QMq_hC_cHVyi-MKOoQ6LgvQW2GYoy8SmaRnpb5YZky0I-B9qD8x3Mcg_MC5ZfZCvngO4B0LMGizZvRlayJtXFNFRMti8_eMUJO2JE-5Iq38KxEgsKXralQIyDYknUQ0Za0re6JDl', 'places/ChIJ67xPmiGwbTkROPWfDp9m0rQ/photos/AelY_CtFyswTgTCLi1UDmA-Um1hQi067hKTXyNGoghJo0_qn2EPlCJqDJyrmSePSBofx7V7O5-wFL9_ulYjpl5hA2aYtZMk80RwKOr-Qylf9uNF7oDV3VMPVaylcHnd14WBHoyCoFJK91Q4wf_52FBQnk0h76UmGqJ_UaGT5', 'places/ChIJ67xPmiGwbTkROPWfDp9m0rQ/photos/AelY_CuBJJmxhsP23ITF-N6K-ghO4a9ltqigrU5c59cX9lAhzMNrCeZtFIITR-0bCtfywvdyF4Ex6K3pAKliYGlMEIuRZtgsPhyiePhh9GqvmeeUKTLfYBvg1wXxIDPhH6ZXZREc7kwtmQyat1YBouYpBLkr-y4M-Mngerr2', 'places/ChIJ67xPmiGwbTkROPWfDp9m0rQ/photos/AelY_CuYP9xhQ5LG9_8ldhEYLTKTgzkx9Eca3_2c8q7o9634G-wpGAJyFRT1ZAv6GAm4cvI8SZc2YWWde2ENdI8sWV2-bHUR1yKKda7bd0IwPLfZJ-PkZhqAPAMCmeZGZss6tWKIf2En4tOcnqoYoan7Z3yI2RSsUoKKu0kz', 'places/ChIJ67xPmiGwbTkROPWfDp9m0rQ/photos/AelY_CuxxXt0kuISSgxLP7ztyboR3Z-Ry7spA7Bdzh4qR9aRCcEuoihDB0q2P0AuWNJJ41itAcxcmGaMUIVyFHm8tnJJN8JZahM5ev_Cr4l6GVrlgGC9ykEaBO9VO457NDu1YtZw7pZomhGdsvQQClr_R85aBA-3tVr1yW6u', 'places/ChIJ67xPmiGwbTkROPWfDp9m0rQ/photos/AelY_CtlgDKrRkAchQ1g7SQXIskbQqzoTkHmT6VIUht-N4UU2gtsyZzfuf7Z5uHXcckyAWkxK9RS2ivtEiQPQbXJXqdWRWEfzlxbi-zQ7lMabcsxIcrM4UMAbZGeQY_X_8N0P6xN91n7C0zaMGWTpSwtU042iHHypo_hyQe7', 'places/ChIJ67xPmiGwbTkROPWfDp9m0rQ/photos/AelY_Ct4jERptHQOBdcIMnlz8t2XL9Xd46-az51UcV0YfHW6oXmoabx_6cpVoHND4Fi1Ygp76Ux6P4pQtRVp5igCeiVfhv_D-CxGxZXSTUBZiC2n-ac5yOK3Onj-drudnGbb81GWd3o40VfGsbbMiFkxrjRzg0W8KqlQyed7', 'places/ChIJ67xPmiGwbTkROPWfDp9m0rQ/photos/AelY_Cu9cA9EsycSmEZb8lAVO-WJ6HTEEEu7zq0JLbZPuB9RA10lIUJK0oEZDXFGPHJVhFPhWMU8zZ4ao05eXBpHtIa0EJUEvWFZHJTJ93fVsRiriAWi9HrRJOqKSE3irqAfnCafru8LJdJTl-kgtjaveUz82LSB9UI9_UfU']",7654.389999999999
8,Jaldhara,26.8699171,75.80805529999999,4.1,6717,ChIJtdjhZ3-2bTkRDCTGdHdTRmo,tourist_attraction,"['places/ChIJtdjhZ3-2bTkRDCTGdHdTRmo/photos/AelY_CtorJm__DJgin4i6oTO_t2i3afX2aptN2DPYz1U0K3GKJoyjnXggqhYhSV-k45vPTivtWr7AZXOGFqsjikDhWIroMxvFvEk4yk9JoLHD4fHlmCH6e516il2DM5KDeb1_MJUSjhLS111Uw9qCjGOJ1BKMvY8IRKF5kyM', 'places/ChIJtdjhZ3-2bTkRDCTGdHdTRmo/photos/AelY_Cu4mwJIzIboEumTjbWBDjhu3oFfSlt8niCstKpdHvS-atvnirJn3IzlRlcu3FdtegYAfzavzR17RVM1FlY_issmDjHeFGXqvWCtJS2KHGVJEX-4H3E5BFdZw3Jvqszut3vYRHKrZnbSRFkz8I3RsH15H2ZLZiwwoTFN', 'places/ChIJtdjhZ3-2bTkRDCTGdHdTRmo/photos/AelY_CuzaGrVvil31iB5CB-wOvfLZUgSPmZtMAFszJpgRxsm3cqKcxLbLa5uJ2UHG90I3mNq5WBuz_9c4pkLTMhC-yMolBErOA7TAK61PjiTFNlEIPc0L-Zn6z1BEsVifIK94ZIWAwFk5kUTwtNtVHtgjs3ogpz0yEslXZWI', 'places/ChIJtdjhZ3-2bTkRDCTGdHdTRmo/photos/AelY_Cv3Ub5vxB1j0IMXqIjdRnLKs-64a7-JanA5TpapIcLoumGjGtuutcjYLBNGZIeXh6SOStm_x_4zUwqtrNodIS4PiSsqCM-ZZNlJnNvdmZ2G83bjHZkD_OB6rStFjiEcef9VTjixmzR-AfVNYwLwaAbQYiaiQ6Ea3myh', 'places/ChIJtdjhZ3-2bTkRDCTGdHdTRmo/photos/AelY_Cte_7PBAtCL8LPvJDf-4egp8xyzUSmp6juogGjRcPM2fU-xu8m7_IvJNPzr2nu3DZsiIc9ZpyC65dqBkwAINlY9fcY9m51FJb4CGZsXTweNmmb7Qe2zmeQvjXyn1OGM5Ifmuig257bkQ-jWBJEJTs8ugdkJ7ldVqDsV', 'places/ChIJtdjhZ3-2bTkRDCTGdHdTRmo/photos/AelY_Cu3kWbbrHZiPgVS91zyeg-vvlFP_TbOBk1uwpMayq7OzRusWYJy-X-_4usDza8aN_a01TtejhRrv2qG1iX5H7sPpl3GAnKQQPSC5JCxMsMbIsBfUMAiP6ftKNVpdCeCf6RDIl7vA-hzLKbDTl57Tk0tBKb7aYRxW1jj', 'places/ChIJtdjhZ3-2bTkRDCTGdHdTRmo/photos/AelY_CsMB3-2QA4WxIYo4mtbzI0rPgb1E7gUp5TQ40vfcZH3MIL2uf0SHARKRiawjfDkPo9-SaKrfek7aadyDQlek4aglbPiDwCDp91DDf-YJvghirzN2idi7zqH6L1fB8agFK5JEnL1cM829MfVW51PCH1NJqEhnfo0rvAw', 'places/ChIJtdjhZ3-2bTkRDCTGdHdTRmo/photos/AelY_CvRShHqZ_CUb6F9u56taUPuxCzqf4vmVcIVwqj1v6wX7GY2QvpIEz69mskHbWujWDMQ7tJ7Z9eTYYzdklY8oKOJiV_m1fbGh07cQFZcUmsh2CPcpj3746fYp049eDLlgR61l6u86fY3c0F8e5RfyS8c6xhAvF8OFbXT', 'places/ChIJtdjhZ3-2bTkRDCTGdHdTRmo/photos/AelY_Csi4Jtjc5MLUrvXCfqa3OCdGVPjUr5zsF1AZHE8Ur8ivOeqKbkLbXJNNXmfeXD1lX_8iBVueSbthM05L-hxmVh4x5XmhxO23wv0TgG8XDPNTdp_vUVLq23kOYr6w8QREhBDgScyIwO1Mb2mPG66m09pF1v7CMZ2vl0', 'places/ChIJtdjhZ3-2bTkRDCTGdHdTRmo/photos/AelY_CtDvWZQdlVO4OTH1JqUr96GWUBI3a5IC6paXlFTa3Ae0_yoDJbKZk2Aoe4Atmfn6QfgZ07J4VAfiN0EHLT0HL_Mgd54gDFG6hyl4Fqytn04jKKRAiQmIZi70U1XY1AWLV49TEwAKB4iygiJ6spri0MfBpqg5njJdfAd']",4703.129999999999
12,Ramniwas Bagh,26.9150353,75.8179325,4.4,5855,ChIJT7psBrC2bTkREdcNA0Ipcp4,tourist_attraction,"['places/ChIJT7psBrC2bTkREdcNA0Ipcp4/photos/AelY_CuvynDLx8JwC43WYilgF2H_mPp5yqOIj2RznuzEBu1hPBfSxoictf9nE9BOH1qbXRIhPTQwDMkYpk55f-xT3Ryhs-dIWVcGNmpKY1gTVPCDv5Ozn8orgjTrDpfseo7hKGe8L0ZWZxUXxZXbP--7ZvKDNWltMYBWTPCn', 'places/ChIJT7psBrC2bTkREdcNA0Ipcp4/photos/AelY_CsMCp3PuRk33VyBaoLSF0oBw8WJUCLPPd-LqCLcJ-1_dKFYwttdQYWlIwbwFXBqQDwzSB9ZEffyM15hSKUnra-erV3pXMebnKDrwnr3ji1oGv8wIE9vsKhKyyRYzhlskd8s-Sizo054gUeI3U5Rqr0uFWYXP3BXjrK9', 'places/ChIJT7psBrC2bTkREdcNA0Ipcp4/photos/AelY_CuqMd2Sr8QoAVPNZEUCV9BU_75vexb4JPHi0Gnf0aKEdgWraGsUPqHwxTur6fWzP6jMmXKnD0xbwkul_U_lIgVTul79qhZdyV_VauKgwoNIXqWmc5gEh_QncjXQf5mPLzGAqyp9_CFTmmMJj-Oy0QH76gFfQnWBovCb', 'places/ChIJT7psBrC2bTkREdcNA0Ipcp4/photos/AelY_CvnAIWMwXVXjiEy0E0zRF10gKPdFwRek-6Vypqc3MmpF5r3kf7O0X9uBI3uGM5ext7V2zShivUPFBwKh8la-77ddg0Qbz9mAUhQg1e3noIakJLUgf9m-h4SlG_GXWymde44_O5EeTVOa0dVG_cM88Yyf8kVuixFMJah', 'places/ChIJT7psBrC2bTkREdcNA0Ipcp4/photos/AelY_CvBua3xehLtgCzweFeI6yEH4xJ6OQ-BGmE9-bq_Ad-wthuSF_QZTEo_gzbxrLA0h7Qu9jgilcUULV-LWdH4upMwEhdIBDxa7QqbmYtV-6ahQlUsplV5-dSjJONwhhxiND5BoXJI7KnlbloCVLO5f_BA1wVdMIMzkZ4r', 'places/ChIJT7psBrC2bTkREdcNA0Ipcp4/photos/AelY_CtZygGQ8B1HiS5acxyKTiDJRuquDj8LVDQyLy0Yuauc22xnLPy0kteBf6xWglM6IeTjz8UG3Iw1RgZ5x8FbCRhJUXQLT03DDgKetGsgPvCsdlbw00eF1bt_ZrNu7whoKhdZIInjETGfmjeHtsE9BBAI6vkV7cLBCl0x', 'places/ChIJT7psBrC2bTkREdcNA0Ipcp4/photos/AelY_Cv0xTtq_oVwr4KeeJI-lS0PPyngNvfHRHC9BMYIoWbF5KwkWsnmh7jMskZnR-ntFFstQsvAIjGOLFhda3BYhvRlwQgfQKmWUIGFlW33UL-kDE4gd633zmNsBeJcNnCLDyEYv8AuDVQnyBdIcuAxEBiFAHTqaFOkrwbn', 'places/ChIJT7psBrC2bTkREdcNA0Ipcp4/photos/AelY_CtLR-pJ6-igPinO2T6NlFa_mbcyuISc3BUCIL0FvHCPsIRWajwk-SmIlgAvgKGJPgz0AHE70hijQrfJSN_9aaGniaTfPaVHLFJjV0konOUVLKZmGVJHQPwvzpLKUXtDY1RKWwL47LCwCFUcMVxlbegrr6--rOKgw67q', 'places/ChIJT7psBrC2bTkREdcNA0Ipcp4/photos/AelY_CvieV4cV56NFghVzdTEfyI4IgkAeCR-eAJ6DodyrV79WJHPvsGCWhsSTUQ7D7WbP1Z-oaFQOGGMpfxZFrVfT9WLTW6oWYMhl34X4Wq0h6FKd0ceN5qmmIBU0llwcIIOyV2RLy8kDZowsOnNPKXUjPqB3NioXar5itQv', 'places/ChIJT7psBrC2bTkREdcNA0Ipcp4/photos/AelY_CuubhJY7P2NhwglXjKr_BqFYM1Q7lgrrLYiRsu5B7cA5WcdW_gckmzLeLr6cA9avwRWK-7jlAHyPUezxR7eEV4ipZ298sb4Lr0RDYUeH6v40aQ3A2-7xEtUWwEI84st_TOkVaA3eJhovS5yhXl7MgZg6JPNaCjABjev']",4099.82
10,Sisodia Rani ka Bagh,26.8994218,75.8587309,4.3,5356,ChIJkzbjKhm3bTkRNiCT5-dA6vU,tourist_attraction,"['places/ChIJkzbjKhm3bTkRNiCT5-dA6vU/photos/AelY_Cux36QMaut86fPvpR8BnwZHKEdHv9FIHGG6m4WKGk4rEhO7EI0KkixuO6uaFkUl5AloMF1oFsh7ZEzqOk8Oj1AMC4DQkJlCmQ_oL6veu_lQSExZdx6_1lwZbPk3dA0mW4U3MyoT4iB2wra7buYIW9XxgKXXL3Wm7480', 'places/ChIJkzbjKhm3bTkRNiCT5-dA6vU/photos/AelY_CuzNX10WKdm1CyYeMvu3zSf8zjFBm2HBf-cVLtcI9uYdis76TY_Fe0hPL_3a7JT_8rShyEa1AMtQpE4g-GGjbqQSz5HdvUuh_ubaYCF1E9rC9ZdhWZ0C9EN7_nKbUw--nMIUGQWhYWaGRaarEJ5P2fRuygH8ZKN0ff-', 'places/ChIJkzbjKhm3bTkRNiCT5-dA6vU/photos/AelY_CtzTl8l6oF2TctQFm68GLI45kdx5SyjTk0KrQfdO1C5AaPHJrSGSsEQRkADVi_Kh-rEpfyBfi_rCpfPMizJSwszYtbp3DbaBS2fSJWu5VMwHYJQrHNk56_Y6Tl_0at1XJliAARIYiWAZLYnKctZrniTA83fri327Po6', 'places/ChIJkzbjKhm3bTkRNiCT5-dA6vU/photos/AelY_CsKyzEuO1vud2l6j-_gmmMBnbGij8_iZwMgcAGukTbxyLWIR85N51IdV1NTFwWFnZMurUd6r7egOhJQFclntVViUFmCXOpHGDxiWA5U_2iG_cK4iWmGfXcp2MFckmz70sQwgo_4DoaGL10L1tx1kod4N9YlWnso3BFI', 'places/ChIJkzbjKhm3bTkRNiCT5-dA6vU/photos/AelY_CsuWF6db6-dfuuN_UyIDtqTZbTkcL6zkQhH7-RFF6xcDp2qQv6WuIjXdWDcr65UR6dd-IOcj9AltSURf3K4JHzvMF5H2rrMMRadgEVVmbmRPvx3YXmxyEM1rFUR_z1uwI3t-KUKj_ceGvyZoW8K_ngg6JjD9TsqK_N4', 'places/ChIJkzbjKhm3bTkRNiCT5-dA6vU/photos/AelY_CvoO5YsBHdTd1oIXQCBoSbDEGFLr6rK023eAiTJXP2J7qH97dQNrFCDYO06_UPnmzfvDt3beeoXp0WR4Vm_2CdGxSRnIFhhjjJEMnjmS7N-p_fxs1Q-b8k0W-DXBX2a_X48VyArj-0dpoVnWJp5c2F_qKfq7oUq_7X-', 'places/ChIJkzbjKhm3bTkRNiCT5-dA6vU/photos/AelY_Csga-r4EIK8k9g5iURhapSeUnCNavmbyXSkLfCnoSL-Acx0FXWvo1vhMZBgnqIgEaBs1Q7bEs-PLY-xgFEpxmS81U8cbXZgRgn6QXF1UodAwAXxoCKeqlG6kE54IO81d7jN3t0ZcqF7Ex7Hvz0hY344Cp3eI-7vB3cZ', 'places/ChIJkzbjKhm3bTkRNiCT5-dA6vU/photos/AelY_Cu1WW6fpmTb0e5ce0u73MpK1y59pS5VAFpaVNhGPxFAGc2LBs4ig9lPOO4hoyamxfvEt3vD0ep73EAvdHUcyN4T2k4ObbU177e5m1R6BdGkgmYjZ5LiiMf47ID3-2P2RjCnL_s_WhoeCQn199Rrqg6PrqugHicrN0LV', 'places/ChIJkzbjKhm3bTkRNiCT5-dA6vU/photos/AelY_CtGN1PBJ81fym19dyM3bcaA0u724z7Mp54hhfFdMlNBT_VMHc4MFwt-qG1pGIwueyBFnPCq52oRShyZUsT6h6UK11hi_s4QBONEP-7849YXlhGrMvBq-r3Xm-FJ_ttcvu9DEbSlz0bnpWIL0qvfIbTNSeZGxI7-AzVp', 'places/ChIJkzbjKhm3bTkRNiCT5-dA6vU/photos/AelY_CvcKsRMJrgfBY_klWs-0TB-dGfJR1C6S0VOuBOgXE75ZXqdSnX-strBCaNrfEptMrUtQygt7eSNUHWZaqRrnBfZzG9tz-MMNHKYyYycQRzuv8p6NHfuy4a3cnkzLt29WUkL9YtfE52GY873SOAVW6MRTgnPU_cjQixO']",3750.49
9,Gaitor Ki Chhatriyan,26.9430691,75.8246528,4.6,4752,ChIJxUfgi0GxbTkR5Vqeib76O00,tourist_attraction,"['places/ChIJxUfgi0GxbTkR5Vqeib76O00/photos/AelY_CtLeLIrvEWHokHbKctQEMZ5mD0egSW7erKbxC2mLfbobjivnKnOAnByKfuqfmQlXqlHQ2auqNJkKVJfVrHfGB_36wRTSQ7tH0et4t9s_cguDjvNwXhiBEH6IgwWDHrxtWy9jRSF6j5UESJkJ9v3_rSiMRlR02ZWtP1p', 'places/ChIJxUfgi0GxbTkR5Vqeib76O00/photos/AelY_CtV9bY2QOrt_x1MF7pkItomndjU5kN7cEMYiwKjVE4ZtkmxddlZmnPloZhSUPEz5UBEH1EZUunlj1g9X7zRQAoWl89WtHNgzagUPW__46rJ9ZFMEcBTiGe4v1Ttx6L7rYICwI8SOAiJBIg0tXsufrWf004ybXl5ai5A', 'places/ChIJxUfgi0GxbTkR5Vqeib76O00/photos/AelY_CtqpcTy7ZW9ff6I27igLHuLXbXDqlAtDski0sYELThoR9_AefnbUIIhYVNMx4vvfnXHK6uvZNA2LBuMl6O3hAtQjgfC8Tj1mSGJw3bZbB8t2G9-k8yTgr-PD2TmSuuJasje3NKNQ4-2n56KjJ2potrN_FdfzfkPecmm', 'places/ChIJxUfgi0GxbTkR5Vqeib76O00/photos/AelY_Cuv-ZiszB-0CPpA8WQh_pNHhOLuScvmZpSH3zEQDjCy2PMJyiEcCzyMhd9dsBLPIAGtemd5Kzq7Ti7oV4G1pPy1zSIAnQooy-1ZbflDqtC-uuQ2K0mfSVQT3-mXEYRBfJsn4q_N_TKtVBAnqd1NuaSrNFTH5ElwiBou', 'places/ChIJxUfgi0GxbTkR5Vqeib76O00/photos/AelY_CuxrG6U1DSPdvzkrVWBpunwMBU53jiRc5qHxkpsHPd82EQxuQnJjbKsjx5Xm1Q-Wg80rEeyOgY7g6hQxjF8s9KUuZNnEsKYH5jonSrvx4qKvshorXnLu5YhvBLf8nYV0HKLzH5mV2DxxtDNRpfHaThcTxtychzZDdRq', 'places/ChIJxUfgi0GxbTkR5Vqeib76O00/photos/AelY_CsHbW342DtJm0Uw1zuLActPFTk5KhC-Q0TdJ4TUfKRoFkHZQIgu-4Xo9EFs3dH9lFxLt0GmejbKAZ-DAoP0NLIWV2ptzYeJFKVrMDlcfJc7Zvarrdw9wqaNkEZjxItQJ7w-jdJQ-ju7HpbkZQLE8KWevrwtSywzAxkf', 'places/ChIJxUfgi0GxbTkR5Vqeib76O00/photos/AelY_CsyzyFjqJJLJclGUQqVLVkw5AkHw2FxZXHDtC65Hgx4I3EakNpxIPTMybWcAYjV1r5lx3aXPS-S9BoffVFU9oBXaPmJYQktBsMAb76fb7mW6oLKE7IjlsF5j7yBdT3QyakyvTs5WwqQ1c4DmbAYLIANjPhZVs_J2ivA', 'places/ChIJxUfgi0GxbTkR5Vqeib76O00/photos/AelY_CvT59osg2Ffv4ucZYFm3zQUIgrsbQNjRbIctTFQKdpN3v7X82fdNKjCSabMc0nZKqVtNP2YrvW7626144gqlFR9oYSs1zX_fAs0QgeMnnvomyDQALKeOmCJsJiW7vMvixv5gNEZzPFQrJAE7oBSgUtXosXZRtz1FwIA', 'places/ChIJxUfgi0GxbTkR5Vqeib76O00/photos/AelY_CsLQ8hrrjJ_yKSjugxoXWAC3x365Ed4mSGB4cHhVF0U9aOZylmTG9VWtY_xHQNzHYOlT69NJT5kEK7-CSy4QDtz5XzQtJcKVQMend9vmYVl463u6mUYUYpFtJy3X3c5O6_5KFgEw8H8LynliFi1EcQRN1edjd3ZpuHp', 'places/ChIJxUfgi0GxbTkR5Vqeib76O00/photos/AelY_CspAcFXraGMW8EoADIUdCZP514GcK5Gq3TXK81uG8C29Ym5oe9ATTY-3IlQj3qyzMbepypBevCjarThftCVA512_JFk5miiZPRpqN46b0ccqd_gViGqXxdJ2kzP7ImdI7fBxzg82Tfm2s9gcDi_NYMGu4MF5WYPq5ry']",3327.7799999999997
13,Mar Thoma Church,26.8671673,75.7646752,4.5,595,ChIJ_____6i1bTkRG7xrv7OztuA,church,"['places/ChIJ_____6i1bTkRG7xrv7OztuA/photos/AelY_CugWN9Lidzb9ekSDRxiZcsH11-avTRpze9aQgZxRnL9MZFp4RFpSB_SzUv4GXd7iWMTuWWKEozSsKHJyhxXOpRhg8pMt6ziz5VMY2nL4136L8ZEWK8DFa6QZ-C1G9jh01nBJXg5WbK2ewB_12sq8fAwQz9gWP2megou', 'places/ChIJ_____6i1bTkRG7xrv7OztuA/photos/AelY_CtmOEZ5mNIqx4j5w7t0ehGuuFohH9iAo9yNtbWVxvOtTmk9bgWY9fBHAvTLv9bxzsOpUaQ9xnwc8azqkVMKnkytTHAv97X7o1lGPCL4F9qrr4jn2LLRM4AusdhPnlW4ZVtMWo0CNutDPUg_mTfumJ9cJQrPzSdfDz3-', 'places/ChIJ_____6i1bTkRG7xrv7OztuA/photos/AelY_CswYIKT69Kv2IawvfY50YCDsWJpcOylPOTO0NCoJOxgrPzyBXQAzVBynByCY7v-HGuQPiGbx59-QE6AuA7IHsZS-6RuabNr92ktmOSN0duNQ_jKz8hOl_1vj2VQWmuHUyJNtqXc3jEEHLh0wXKAlpB4zioc1XFJP4hq', 'places/ChIJ_____6i1bTkRG7xrv7OztuA/photos/AelY_CsDdppm1jIgB-mG9hccPbhszcm_5ImghKcplFz-kMjzesydjcufMmNPr7tZg2IAo4e6Yvn8yLP86Ok0OYBfUKbv7RjjmjzMXVwAAVsEMnJGJ17keqpCwVDrcOR688sHkqr6OjWMFJDamCzQpb1VUofa5Unw8pGhyic1', 'places/ChIJ_____6i1bTkRG7xrv7OztuA/photos/AelY_CvazLFtQ1Pe0C-JFM9fs1ZWi1Z7p5x0ZJLDqkl0LtzDQuGlLmHt31SQjrRtuHjGp3tD1kz0kbo_u3Z29xeO6CFZbg18Q-Myagbmq8uyG4in6bWO9ugY3Srv-c35L3q2sQombuTU7dpMVu7Y3eA3SqUd4PMXhb_TGw3n', 'places/ChIJ_____6i1bTkRG7xrv7OztuA/photos/AelY_CvMvGmJpr_tfR2p82CrmyzIOUP-vUnonJNKERkuCuMofXyYDb75ToezM7dHof-B9M71r8zGCUT1rOWliszI1n9-o7B_M17dipn7X7K7DahkFfRw3zUV9U8fm_-mrV6IaLD5-RmlA8z5paoj09pwocJnEdgOJ5123Hez', 'places/ChIJ_____6i1bTkRG7xrv7OztuA/photos/AelY_Cs1BUEP3w5NqGUwcYthAiUVjAyjHJnibPpi60xAt5lqFoC99wk6OLi2jKn-ysrBSI-sVeVD6fj7CVT4_UT2JM57muOCvggHpXwnNKQMPtO4bFI6wgQOiJXwoFXiGeke4872Sbxhv7BcMULIvMVUAXKuVujW4WfXTawc', 'places/ChIJ_____6i1bTkRG7xrv7OztuA/photos/AelY_CutbTEJRJYi_fnd8SDaTHiOf9HgiZsQnM4b7mtYdgLb1PY6_NgG3ynWrol44dFeIXaGs5LQJP_4tArXe61yDU4Ln-IT04PulWAzCA4S43kmKv4HP5VN3R7z-3O72dcbEXR7s2RDR7cYpDK0kV4F3g19-lx74LPqVj-v', 'places/ChIJ_____6i1bTkRG7xrv7OztuA/photos/AelY_CtIpaA-66oOkOlvD2dXkb2Ul-I6WX4zQu0bQXGYz9WucNTs0_gg6hoNF8SuEk_-kj7HsTNTC8JsVCJTHoO5-LoqfSgEOxru6tzbWVEA-pcBrZNl4ssEzs7kYQvz_T3fU8pnx_HhkZHpqW0b4mFgl9EjeVEp9Gpl_aZD', 'places/ChIJ_____6i1bTkRG7xrv7OztuA/photos/AelY_CunQx4XT_jquZjTWOW5imcpBGj6YtS5YsCsYFFHGXyAihBDOg7Wr7J2VPFvYI1GPlOLu-d8GhZxpj1mXGPHFe4Rlc6IlSGtpw54O9HiOVz7ZmWIEkIosp_SgJotb03hU5gsyAWRjPcxmegL-zAHBV-osrQdFlZSC3UK']",417.85
15,St. Andrew's (CNI) Church,26.9265676,75.8073192,4.4,233,ChIJVVVVld2zbTkR4cxX5Y6qejQ,church,"['places/ChIJVVVVld2zbTkR4cxX5Y6qejQ/photos/AelY_CtLX9mif2Dnu4c-6ZF-3NMwqViQFVaLwYTwOzN37N7VYahnUcx2iROiUI4nq6jt4Mf8JvvYB8CSPXUC30jTbBQ6mRShxffb13mnELSdiFPjMK7iEBztRDZiEqSJO3hTi1fhiQNLraVRUdaGobuJ1105SHVibDrsTOje', 'places/ChIJVVVVld2zbTkR4cxX5Y6qejQ/photos/AelY_Cvkjtd4ULfCb49gesbb88vkWJhPvl_NO2n1AUSCArRlRwwam1ZhhNZlQ0VcMckogYgoBFRWlmIw9dHSVlcwiUrljrxQc0spy1BYk45VRttYPSvWrF25r5YfU415axok2L84sugCRJUAg4qndAk3C4m1XvAWvLzNvgg0', 'places/ChIJVVVVld2zbTkR4cxX5Y6qejQ/photos/AelY_Cum8d2Njcid14E3yUfxQnrQwXmtf-hshWzS4NvI2sxpsh0CTLavvAe3gxbgnulDFe1uMaB-9NRNvaSg9YzKqow_6iovB6rrJQN_gRGIBG0NrjtaE4ZeoHketU8KwHvUlzIlZUZ-WeTt6hjSs7UZbRuw8LMFpgCppq6i', 'places/ChIJVVVVld2zbTkR4cxX5Y6qejQ/photos/AelY_Cv5MeCU2WnzAjEZM9n-rwZaGr52GW5Wp9FI32mrRWV0g-5sdFBSD6nwgEUDiFaXHpagkVYZlAHnCJKO-UXn9vGYmmDQiYqmlLGmrlkQn02211_PdfWHM0OeDbXy2fBCrXQm69tlbVic0Zh7OsulsojwbBoXuLCnbPyr', 'places/ChIJVVVVld2zbTkR4cxX5Y6qejQ/photos/AelY_CvsGYRAnpBRA9-ujeqWjLe5WCLKF2fKNsD-V3Kkl4E98VzLuINoKqjYbkDP2nFePydrVoFm0v1EPEgBmZRfFjtuWxrmArJCWlvr2CxtRja7lr3-keJ50OwtLiE09UhjYK50NE5ljTwpqZVeU3ZoRCG-UK4FFxmIhW7l', 'places/ChIJVVVVld2zbTkR4cxX5Y6qejQ/photos/AelY_CsOl_m3CT6RlZkcThHrfiNSAeKMhIM6musRXp-_7aZGcrUcJQVjjAyIC_WXg-1xUy8Vb2eA59frmZlz4RD9OtVMA_EP0Lg7bTzi1va1RH4Lr_Yp_sqUeJb3nxZB-mjKqM2RE4kaizI6qd0xJtTUhiWj_Abz8Z1otAlE', 'places/ChIJVVVVld2zbTkR4cxX5Y6qejQ/photos/AelY_Cs_t0Slcv_GZdOhUc63zcbrLL8BfY-ctMCQKWQJM1Qzmqr8bawzf7GbwSbnZglmZ5TWINXob0uoOZGoviK-lHZFFBKPZOvO44fmBPsT8xYJU3nd7N3qW7rovNMmwsnF3wgIJjJLjachQcBznMMPRsDqmB7DbG6Fah0V', 'places/ChIJVVVVld2zbTkR4cxX5Y6qejQ/photos/AelY_CuKwWwtaxaLOBxej105LXqi0EinhK2zSVO12BcpL6KEBC0apU7K58qtcLIs5zT2Z07Gy3D8ASFDYDFQOq50WiGTIi-O40m4o_ocoJZWvGNp3XRSm-911YhjP5Lcm5H0vV-KZA9G4wZv5RTyVJjo06pa7b_S2jCDMvow', 'places/ChIJVVVVld2zbTkR4cxX5Y6qejQ/photos/AelY_CtxBQUEEigqoUD85PWo6tdeZZAGk-Gxw81B-s8HN6r_vX4MkuRBMApWSJV4OiJorD71lsQs7aWzdvON-S8SJS7IX0BVAeWlnkKD7KDQHQsj1e4j_bgw2IGbOLmhh9I5JSWXSjtOVV_g0TlyFXOk23Oohd4BOHBGdw4_', 'places/ChIJVVVVld2zbTkR4cxX5Y6qejQ/photos/AelY_CuNMN278eWCLnNJYtD34TurehzFbVzK6ZfOB0HbifuE6MwB6Gs7-bBq4MA21pgK1SDDpfD6d8AheGm4EaroEvR3sNjKZEQdp9siGxlk5t_6xuprGUcKcVyDENNcu1_9i44C2whd_veZ-_Dc0qfjUcbjatmY9rXad6ia']",164.42
14,St. Xavier's Church,26.9130744,75.81083029999999,4.7,213,ChIJZZlqFam2bTkRjD1bo_8BFgI,church,"['places/ChIJZZlqFam2bTkRjD1bo_8BFgI/photos/AelY_CsC0P6RR_bZJDdAHd1PXgSawAcJDVButqTi5iakHJ4YnPDBRgGF6NkktLHey2JkuYMKR247GAaI1XyA3XUK67Se6EiLDBJ1d2XDiQcOrgbVAr4ZAgxe-6Ozu-eBI7mGTS7kjmYfusc4jwstkEKWg6I6nmjys_vy7Ma7', 'places/ChIJZZlqFam2bTkRjD1bo_8BFgI/photos/AelY_CtzwtoUOsWhxJuOiNHqgx5bMYX5csglChFAbPIcbu-4APO0ILAtwAD9Z6SLeSTFuBFgXlyJa9ubaVsD-X0h5ZpVWbDeH85sDcNdwMxyNSknBWjnAxvBEmhVu71zM5ZPjgZeC0NkJc1ntDQxkiF_zIRdRLJYaQ3W31Y', 'places/ChIJZZlqFam2bTkRjD1bo_8BFgI/photos/AelY_CstwqGa7gm0XKjAQaRBXl1x8P7Vst0IBoHTrlcy3GsIioYbdpUvygbNOkQSrg9sWCCC0Wn4i6ihg1M6Zev1j0zQxEFBXNj91joH4QzwXfa1lxmYLT2AdCWFtfBMkNLJVn2NASQwD0Ib85M8b5PCn8JBXzsxol0V6FY', 'places/ChIJZZlqFam2bTkRjD1bo_8BFgI/photos/AelY_CtVkiS6qeuLHMjQzalZG5qwZJzorgySyLJBntrcOhtBFK6tpCz4xtNoqngjUots8xFAHEFmPDa2oeMMiV733IOV_c0LsRK-PWL4lxXG6bHguFOMQ-H-Ty1t7RfDBB6AF8hHIfEjW8qoEnJL7K-1ndt53C-g36J1GsJN', 'places/ChIJZZlqFam2bTkRjD1bo_8BFgI/photos/AelY_Ct3-udw4vGd2YO3Ha4A_Lctx3x1x7m6Mhqzup_vxFA7N5zlw18CCkBr7APw3Sfzk5dpzB5eWrpLL4DfZiyAr6dPn9BmoI64fGFIOxpUwjDgrZnuq9lQN6WF_koFEL9dot3sxrX22y7QUO2pM9xd5hIbkaEuY7Z-Rbsu', 'places/ChIJZZlqFam2bTkRjD1bo_8BFgI/photos/AelY_CsO6w4U5wgbwbo1jY3dFKvokv5636SsQx-NnnmPh_2QWEDNMaBdyubrN2HAemD2bR886BHWwEVP6iwfbfQQetfYHgvmflpz0pfD8u0FxJ-F0bCqNXbAx2VmY3i_8PyrKwWfwGZb7_hlDDon6WSlgDr-TVCGQKDXEHkZ', 'places/ChIJZZlqFam2bTkRjD1bo_8BFgI/photos/AelY_Cs_27DRZZ_esFnQj7xH_Xhf-409Oh7b9oQZk0usJ2kq9XLCtT-Hp-lGC27wciSaGPDZo1K0fsuYFs5ApE_k0V0Fs0aFerwYo7TziCC9vg6X-38eOmFj1Y7SnwqFy3vBl4zrOka8hfFWrB1zrZdULpiRUP4RQN61Y39p', 'places/ChIJZZlqFam2bTkRjD1bo_8BFgI/photos/AelY_CvVlYkCblnrl29l48yggSOs1wcFV7tFUCu7_qOoXrNo9o0qL3rq-jFdrrewTbdIpiE_FNr7yuRJq8Ni45BQK5vLh9kWYZkYo8ej-qXuZT3Zj5CBaRoFIoIVTlijd_adGNG-94aW8eUW5N1NZLuFwU5PAD6OIFg8g_nd', 'places/ChIJZZlqFam2bTkRjD1bo_8BFgI/photos/AelY_Css-UCrVGCIpRes9zBdS4pgjQ0VQERxM5AnwfxHZqE2IZUe2f8KRWoYqhjTRbLsxTs_5vaLyj6KcrUC06XW_dd10sZTgXsMSwhlkw9Dy6CrirMkEbJ3DKHWtmr_EW6hxWUJCEFqfvI4-8zSLm7JLe3KDpKRUxVXIINo', 'places/ChIJZZlqFam2bTkRjD1bo_8BFgI/photos/AelY_CswzIC3zx6dS4jHeDsQQIZgko70ueqOE-arROrfD_gGHHWNtTCw3BpWVpWWitjRaV2kx_P4-d1197rgrPednNN0gVWv6UUpCxNvS0qffm-yYz3AHAJDg_KSS9TFsSUtRu4TztEH7smomuma_3ZKSvHC-VGvIG_FXLNK']",150.51
19,"All Saintsâ€™ Church, Jaipur",26.917688199999997,75.7998719,4.5,119,ChIJ7UO_UrG2bTkReDtiwjDweLk,church,"['places/ChIJ7UO_UrG2bTkReDtiwjDweLk/photos/AelY_CvlNnZw3tGoXyk6egNnlde80wEWOEdsPMjLOIhKQTCU_2xC8dwkd6BITc3wSHrVcQfwyPQgbuw7yh4_WAcIC9RY3Rnmn8vZAaXoQhnxF-6PHGHU6DT-AIEwqx5Cl5J_DS0tUhTpkSXQ-JFya-t0o46Quq6m4ga-61G9', 'places/ChIJ7UO_UrG2bTkReDtiwjDweLk/photos/AelY_CvfM0l5V19A0ERh7TF4JEFyT8FUFT7jITQ1j8vjpUJ1USoL7LqpARP8G0JWBbcMvrwnmspropO0_BOx2DHzzFt6YkuuFPiYcfsroqFUMx6ktMUnOzVzX3CmZV7BOoExnyq0yNHYUHKNAhswapwoGvfMk9-ZlEMwh_-f', 'places/ChIJ7UO_UrG2bTkReDtiwjDweLk/photos/AelY_CuF76-xXVWYqD9tPSEJRtHxAXm3GfUbBGs5DfRBGq_3lYjBgvhTFiBp2vhhhsZm6s2awMB8lowKPYNDqkE1eYG4P81qmEar0GqQa2OmN_E5qltoJShanG8z9t24zQKwgJfsnv7w6IIAxP6jtE4h3Q6gEOIEPqCRydvU', 'places/ChIJ7UO_UrG2bTkReDtiwjDweLk/photos/AelY_CuPTFSuvsVd4u3YQnHdGrvgS90BqcJu_EviyEXpJaOHSA3n4FTApwlCrRg-INNq4lAZFCXHhbOfLYG7vRaY_7_Rad33Kr7qdQdKzH6FPJQrjqStLyhKITAwKXFgIngJoDZ2ashdFmoDs8kiymJlIhPnQd94e7qKlod3', 'places/ChIJ7UO_UrG2bTkReDtiwjDweLk/photos/AelY_Cusfp1L4pNy9akEjQL4iO1kWxkVLB_ZmQZM0p6GmAn1qzKRfFhNAYHkGKiB7kICAbRp74YCUcTge_emU-4TnnzCslMvKUxwRCEb6r5cnL5liJ2rCinE81ye-FctD78BwPkeq894uBdDJjQwAJfcrvJc29rCULHBTYFd', 'places/ChIJ7UO_UrG2bTkReDtiwjDweLk/photos/AelY_CtjXEVG0ibD9z_pxKs3aFRHKstErVV4n_H7M0fe93J4f4Ofkgt3G3RhhDppgmLXtqYhR3tmni9DY4wgkNwVLikuEzxQoy7sHNoTb2i5eQq-Ftm48VFAhk4LzcT-iB6eUFK9kp1K1cK4RgfN4gHAsaVlGfvZ8A5S2dGu', 'places/ChIJ7UO_UrG2bTkReDtiwjDweLk/photos/AelY_CvG4WQRtzq1wlsGNqXuqDX-ZS8oPgtNhj7kdWnE3lGnz6RCwLJuXr_NeNxZAY3wgETkVyjv6IT_uU93wc2K2N32UvB_IFErsWuzXDw_3jvlowdpnrEkowOPFf2MZNwCEp0WnnoD9ZpzG1nTqeIsygCpOqLKi7Ks4Md0', 'places/ChIJ7UO_UrG2bTkReDtiwjDweLk/photos/AelY_CsHQPJ_LSiVx6SeOYMfim8v8J-AxoeCWguxj-rXVr4osCFToJkMx6Eps5pmVV3UUmYwCtSzC8NuKy3Ep0-Ek_I2aYp0x81JKcRVcM-93NWo-AJM4XyLv-FWwubBDD5KcZEMVmVSOl5HptKYztTuQwe2L5iaJTnW3lAw', 'places/ChIJ7UO_UrG2bTkReDtiwjDweLk/photos/AelY_Cu4cfjMf0l6RhroAUnXTHy81tTAguZGgnx-qwQhyEVnD--Pszq3SEX_XFMVRE8GZ9kscmUu0VS1IjVk9H5oZoDGmcXQHAtrDl8EDW9C70ORJZwWpC0LkKj7hwkjrSURAQeqZ7bn69qaoHK2AnqTd56wAEb_9rWo5b2s', 'places/ChIJ7UO_UrG2bTkReDtiwjDweLk/photos/AelY_CsVxbjWbAZLZbx3mRUo0XIf4LCHqKve3S6c_UHgpApVXgnOcA0fo4xvnz2D3RAlHyACFuoUiaGjB77aylPfWSN8MbdtnxpX9Z0gEGMxOqU5DWo_i5L9rvfeh4IrvNrThBnBhYJyspuAhBLtZ1EDbV4X9TF2kRzF-1RA']",84.64999999999999
20,Cathedral of Our Lady of Annunciaton Church,26.8584145,75.814438,4.6,106,ChIJZ6ulbHG2bTkRGdjiUEd0LzA,church,"['places/ChIJZ6ulbHG2bTkRGdjiUEd0LzA/photos/AelY_CvQgg2dahqfeS9uhMtbopsXFa1uui9AIImn1QJcqmOC8IU9DgPk1-bxvtbAq0Ey-Z4fG0QYDMc8pEISWpdtFhJWjB4VeFWCB-RWOTNdag5mz1ArL7fxgSZwd9Zwt5iz_2lAqAeVbkidxXbsZpnrRa4-X8Qb2280KR4m', 'places/ChIJZ6ulbHG2bTkRGdjiUEd0LzA/photos/AelY_CueFKCMKMYLDCMORltBC6sLqBp6WQuW2ZdrhYa7xJK88qoxTfM4XLnqVN5oWiJxLKz28sjsDYSthMVt5FEJZyFytQo-pHwJHOqV12L87IwsHVjKm-BCOIE60-FgwIBtr9nF8WA7T-SXvFBsKb8w5O8Eq3S9Bu0y4zfg', 'places/ChIJZ6ulbHG2bTkRGdjiUEd0LzA/photos/AelY_CuP3GIJDRBpOovuMm4KyQc8gS1nOz1nWS58j7laaCafeWQtpDXaf9wWlw_EoZ2_vjyu_9tCFEGBwdJIAIUOQ7O6LQ0hAZghna8h0pF3NDeqIcmewBcK8XB8QdBwy8Wi-DfcRKnD0dDfIQe34QgRGW6UQULlveDzH0cX', 'places/ChIJZ6ulbHG2bTkRGdjiUEd0LzA/photos/AelY_Cv3V5Zy4DEA_SoDZkw069QmgLZgUkyrmPDiDTSXFQ8_piuCLueAyCBreMqcQxbfXTUKHGLjacvHkiucQf5oPD2TtSMcedHm_PCqS0MvsjyiehXnZ_rV-QQa5nKrnBjdwh9buA0-UJ_uIWLoN9jbNCIfR8BGkw5mRSPH', 'places/ChIJZ6ulbHG2bTkRGdjiUEd0LzA/photos/AelY_Cs1kMGwi-nBWecSFFi08DCjWSPEGyt2YFZwklHHbrzF-ZL2owHc1Q31_ahq3jydZSZb1j2k5wRmMmWuzz1F2YglVJaZ5Sw4qD_2MqDC-Ts904cdI-YyMIRhNse2hFJegsbQ7jVi3b31kTPKGZfn9ZrxNvvSu7M2MPG2', 'places/ChIJZ6ulbHG2bTkRGdjiUEd0LzA/photos/AelY_Cut-4ojR0du1hrSthz1QZbaCYpVkLMt9KCTumV2IWL0KSSn_Dv0OedtAdAWB16klGWv1FVZtejFyHzUqw5Ss1yVj8W2Or_BhHs5WO4SyUZ2btHhNF9p_zpnxc3Ms9HSqwO7H0vHs1UHkFBkFzpt6JyJZmO5nEyE1h5M', 'places/ChIJZ6ulbHG2bTkRGdjiUEd0LzA/photos/AelY_CufrVTvWXWaIQlPDQ9v7mrYCy9RS7_4Bbq7T5z_G_tXw7aKJJSFL_NkAEpi62VwXTZM6iRKpGZGiLEOl7MIub8OKZ57MoNW6zjyDqLkI_vkk1c0JYV3nWMBgPXJGJYwzTqFu0J-xtpAoKdXW5aM8teDsZGORGlkqF2i', 'places/ChIJZ6ulbHG2bTkRGdjiUEd0LzA/photos/AelY_CsBw4hVbEK5RAIcsvA27p5Kvpc6bgSwbXurgvDsCTRrZpCaMA4ni3tW9pOXvgH8vW0arSSZp0qTQ0n_z5cqmiAWWRLeZHrwACO8F0AJXFCPJJWhdgkMFJuZLpmZABx5qfcNtQhJMJ_KBfWUNhF6kUVgNUMRdr8CtTwY', 'places/ChIJZ6ulbHG2bTkRGdjiUEd0LzA/photos/AelY_CtPi72Jgy9uLVte3GQ5zBat_0vHP__bM3ihqShFNS_SCeLVq5iz5FTfP2pB4oBkC1fD8rm3ymyzntTvtxzgIklgFQrRQGgaunzTGeD_dVfaMupoq5Khao6H1evJDlo98wKvn0Up-daSHK95g7S7RRxiilhinI84zldC', 'places/ChIJZ6ulbHG2bTkRGdjiUEd0LzA/photos/AelY_CsZ70hng6MtEubO2-kGL3aATK9hUpJM5gUy7q1SI6yebT1NBiLGa3IGiHQQnifiFHrLaHAkPXRMdzZARbR7KeS55qEhAda1QStWntZM4paRWp8P7W0xChbw_aPBPi8Qxpr2Dz3sUHzy30vEOUN6C4ztlow9tgxkWDY4']",75.57999999999998
18,St.Thomas Orthodox Church,26.896392199999998,75.7468677,4.5,101,ChIJfdv3JpK0bTkRIhc9xUXOo-I,church,"['places/ChIJfdv3JpK0bTkRIhc9xUXOo-I/photos/AelY_CtVIg_der7op_O4b2KxCTkCsKb5dYek-EnIlqa_Qf-G4012eEWVCtRercyX9mdhhAf04S0HnkOpNLGXt3GQEUfvGU2gadeBaXgCgL2Una2KFqm6wa_YiF38dXA10kT7lv2JjOfsI9xTTADAch1-BMZyHuSCd4V6-H-0', 'places/ChIJfdv3JpK0bTkRIhc9xUXOo-I/photos/AelY_CtTPb-x9EFw9afVFpnzs3KbaY1dsk69_1-azbuv-_OsidFte6OEL5B9NXR3qfdL6GDpuks8i-XVvIdIuVRB1gZc50qbszoJSxuh1NAJJCgogY7s1m6f_nr_BxqzvLiUZnKq0ZQe9bbt-MOmNlyqhJPg3NtipaeU9CdT', 'places/ChIJfdv3JpK0bTkRIhc9xUXOo-I/photos/AelY_CsAkzax5F8itDyq0mlE_N66T7gGcbpNak08OGXd7yWxftgaoEtFpuepk4RPwThRJzUdFnl2F_I-Hae5XqkDahRKilfv82vb2CEYQeZgA4YNAyU-IJK26jKr8APv1BnOVQYxR-NvRASnjJUOOUu2jT8PjSCbK5-URHhM', 'places/ChIJfdv3JpK0bTkRIhc9xUXOo-I/photos/AelY_Ctif0uXGP5iO6z5B4ChdpkzrX2_aRmMGBFTs24ZhNbDYfBicFYBHlAnoIwH8-ZPgno0gEZkutQjmv7llDDx26UzuaFlrw5NWuZ2kzvzeHE-8I9X5JusFSBHxNrm3xlYMUTmcuUuLejdzoMJ79uCVNQUwDWoTT6IkHqp', 'places/ChIJfdv3JpK0bTkRIhc9xUXOo-I/photos/AelY_CthrW3lH05I6wbRIqZZhGiWlFb7o1aXG7un3lDVEjZ3ud5tPI6dy00l75R1Ivu17VuypsJqcFOO6Nw08rc6Fj5ETgPtRtab19bEYtUzynp-Sc9el6rT-ApnYekMYjzkv9TcMgvQBqS4qMqVlcLpucyiMBV8_Adz9uGu', 'places/ChIJfdv3JpK0bTkRIhc9xUXOo-I/photos/AelY_Cvxxkd1oepzMyMkNQ_21l26FUWEvm0diQxMpcKPTbml22eD8CsGXp1Nkl2Qa43mkw3ieBRBscEpEtPvCDKXSCi36s7_SFB2_HizsEA5uITcX8BoJumAtpaO_xUeJbg3t-V0b6F_eyuCVakMjY2YZIhZKcFe8nX3qxs3', 'places/ChIJfdv3JpK0bTkRIhc9xUXOo-I/photos/AelY_Csre-NqtuG7C_DH71NlWSUoZMksQd6xX6sIhEhBqwrG4pvlRyDYHE0Z0IUq1CEJKeSGFoujaICLkv3WVCfBZjr8xj6o3X8gGW-4VX3_50zdv-nWhcDQegzpyA8mlRG9wZbC8TGSBCFEb-GETc5plfS5XnOaN22kXfoG', 'places/ChIJfdv3JpK0bTkRIhc9xUXOo-I/photos/AelY_Cutn2QZ1ZJLoLSc42vOCls79TANGLvMSfsXP-NVEChtgz9Or6tF3D8KeFlnlrP4-M62mDUGVBIheCXQyW6_JuiJmbFKgSMTz36wjRbnhNvSBYDLaFJACF-H_aRwMoZtnF8QiQcBJwn10FXm-JBVSuT6HQRBtqQKCqHZ', 'places/ChIJfdv3JpK0bTkRIhc9xUXOo-I/photos/AelY_CsYTG_Uhl_FbHEkP2et1moyUpyZNApPVxmyucwU8XH_eNZ8hBxN60LbtgRBT_pH_tHbFy8vYIZKjj3LLz2yvasbK_ygNTk5dwBWF5Wg-N16UZEGue-ZPcG-OdJ-vr4IqYQKfmbuxh-alW9cRI-QYJsOcFrc8G9DSWuh', 'places/ChIJfdv3JpK0bTkRIhc9xUXOo-I/photos/AelY_CsgN5Irtixy5oxA8AKrJb12Yhd3zbQUa5i-kMPsxvnHdyhfASwd-PLL7x1x3AOSbpuVOzjDXR7b0AZt3OXmT8P_iWgeYerF6htzANwl5JJrZ30jhl5wZU6Sp-TEhCs0ZSX6ICo39MXnI-EC-LdPol_mEUYYGqqCB_4B']",72.04999999999998
17,Cornerstone Assemblies of God Church,26.8911136,75.7267318,4.8,84,ChIJPWjqTfe0bTkRXuhf6EM1YEA,church,"['places/ChIJPWjqTfe0bTkRXuhf6EM1YEA/photos/AelY_CsjB5fgP7KodSJ64d64doP1hkHdLq78mpvi895BJDvu0vHIoiYF-4YtJLsDlXwnlHGFeG-4FZrqChhRbPrPULf3APNDquMsEGf1DMbSpstOXYCQQKoVqtVOE-E2NMHGHw679v1bVgcsswynfcXpOweLon_YqoZfPZFP', 'places/ChIJPWjqTfe0bTkRXuhf6EM1YEA/photos/AelY_Ct0jxSj0w4M8IrpyP4q_M1FxI_bltNwWIjISDsSOmNMuIJOSTHo4W2rx1XShE9Wbakw9nKZRbJbnTAjjWItlmjcmNVLKtg3-ogmwQl3PEJk-rXuNomlBEHq9nkLLVvdIBtBrSb8uAFnZjTiJb7hn5T1vuVpcblC-kDT', 'places/ChIJPWjqTfe0bTkRXuhf6EM1YEA/photos/AelY_CshrRcsPI0DawWUDll921IR3aK4F6pSm7qWptnCzBd9q8Do-RncWQsVpJNORDARE75Zx--IdwJqVTGfPz6vzY2ZpDN7Ap59d8sTdYcdbnEzu0fXjqfYW0tYtGU6T4ERChgM5BS7Pi_6FPRbRc1zcodNKYvpxoc3LuR2', 'places/ChIJPWjqTfe0bTkRXuhf6EM1YEA/photos/AelY_CtUaa8n5-5qoe7CuC1_hkMLWqUl_T-VCXhP8m52aOKBvnkRPK8tR2OgD53IPZdvf5fZMgZzYRGW_d5Bj1lMcCa1dm8zSjQvR3YW3l15wGQdJLcAhk4X88d-YT6t6Np0RnczecyYuyluLN1-dRgdNTujPhvQL7fAof-z', 'places/ChIJPWjqTfe0bTkRXuhf6EM1YEA/photos/AelY_CvBmj-0GMSC6-jsaeUQlU_8c4pslt3Tmr-Fc5Ldhd88M-NqsAo0Bnlppge5gB5yTCK17cpU1Kojzxw59xSHVMcQ0-MdN-Q3mhWE9nEV16uyFi_l5jHpC6VOEfGuRaAFawJznckj_NRvwSR-ljtHIuN2pZHL7ywXo4Z3', 'places/ChIJPWjqTfe0bTkRXuhf6EM1YEA/photos/AelY_CuACBBM2h-upXm-zP_jtuKRDoJ-OJZpiDYBPvISTqN5SPh2mM9LIbW560n0lDkOpCIty2vDbpa1VGt5_noODtJBZcyKvMXQK-ob7jtPHg7Pp4XXjN851701xtYU0HHUnhvpCOoqSn6JlNZ2G5S28wRO0Mn8Qi7IC2U0', 'places/ChIJPWjqTfe0bTkRXuhf6EM1YEA/photos/AelY_CsUFUznFXsTYK_WAPJowXBOAW50_NIEay264MLxaS72Vta38m5H_IvYehUKiBuyygfmcEGiLEreIA3yi9kE9CoQ0QwK-Z-Rp_NGUQeVCFIRslm4Jc3xxf_2f5qYYc3cQM-txqaSY4z4unC682tGawih_TZM8pB7UiV4', 'places/ChIJPWjqTfe0bTkRXuhf6EM1YEA/photos/AelY_Ct-KSgyIVCOXwMiJvfUHkAqSQAqlSdFfG9UCP69AaZI6OHf_6T_PoYhRVSoqcup_QU6cAk-HdQU36ch8uhPk0dOuUPUmxK701IZQGwRSf3zg5Y4uf0uysR3iyAgCLFPKG3dWdk5zFUD1hA-pdRbpjHcDxdtbJUx6rky', 'places/ChIJPWjqTfe0bTkRXuhf6EM1YEA/photos/AelY_CuR5NX_CcMVM6s2fb6Gl0T5cAP3JUH8IqPPZa1fpcWstJhuncz4Nk3-7zLzGY30kfBGCZ9ISrohIt0hF2DbWY33oVyfAPxt3c5XvS4DXHSdPpESGvVWiaQ7h_vqR_R7joNV_WazBxkD-tT5FKE6PvF-Zg0HeWFVIUYI', 'places/ChIJPWjqTfe0bTkRXuhf6EM1YEA/photos/AelY_CtBRc3RklpZgxslfOFABZuONPQ226Omi6lPz_eOQ5bvhhfLRIjBkD-TzEmIOsUTH-ka87JihcmlMfVIt4a-WZVKT3n80EKzHWtVp16uaWpOksflDGkFs5miULwnX85LCeIKMV6P0goFeA4n2CXmK7IvoYSf8PV-pUsz']",60.239999999999995
16,Eternal Light Fellowship,26.8679795,75.7478148,4.8,64,ChIJiwnX-7y1bTkRs2ec8-1Gmr8,church,"['places/ChIJiwnX-7y1bTkRs2ec8-1Gmr8/photos/AelY_CuSxAVcSjHcrtKuBmllLshSzqJV4lIFAzFbLf79nxmz1uy0nqfmASjydo76m_qvP77NYYEwu9XzuVm1_IqNrBL_ZmRoyKFcyZyOtniby_kBSyl9mm9mU8_jp8-_GxTU-cMF93zgzTc0RTExs6HShiW_zOukwxUQBf8g', 'places/ChIJiwnX-7y1bTkRs2ec8-1Gmr8/photos/AelY_CvuqNMvAMWiaespqsIIOez36gaMQ4DeTkIka4GpWSNnj4zpSw-lXUshKQ8tPRXVDKARFYMcwpgjZludvMgACYa2QURE4_kGHKPp7mJb6b-CTQp-CGFVRus62Vw-JRBXL9Zf9bDRN33--kAFUlNmJFQv3mgPmA2sKKGb', 'places/ChIJiwnX-7y1bTkRs2ec8-1Gmr8/photos/AelY_CuTBlhnUHLdZJC5CIe_UJgAzw9LNHfM53Onv1b1XEIIgnx7s333L4wHnbQ171BdduitsQ6s-lQ6Hm79N7Im-4WjDpSGwakNQHFqD1-CeI24f5uTrdmOjT3EKnKni-lUbs6UUeJONjSXc1yCfzTRL7SfL8eGFx9PBz5K', 'places/ChIJiwnX-7y1bTkRs2ec8-1Gmr8/photos/AelY_CstVb1OR1D1Y_iYzAp75n_Dg0X7ZzJ-NQNCjVuYatQdkxF7SxjHRItJN-uKGXRdOSOk8ZvcnrYCoVksHs2cKO63kpeX655kqDVl1Hcs9U9J2QgxPWoVPdiXiRp9o5cU2gBIqIaI1CPkEnEF_cIHHj5Ff6bhgh48_djR', 'places/ChIJiwnX-7y1bTkRs2ec8-1Gmr8/photos/AelY_CvQUYo_SCZB4Irw0UBAK7F2B6sg4XfuyltRX8Ic6H06UN1XHYwL9319N7XMvO-peIZP8gLlRM3ugZn9X9zbxY7ZILul6EuG7EwQTlLYlwA8T-9VUZwdVn6mXBUCyqbURGUSmZQGAITYex7Mk83_mDan7oN8r66kx_0q', 'places/ChIJiwnX-7y1bTkRs2ec8-1Gmr8/photos/AelY_Ctt6XrqZzwRdNghxAthS9-Mxc3UQWMF_vw5VzdRbdhzIQE6UhRktstNEHHnJUKUQmokGTqVk5EiEtgr0Z3smmvJknYUbsqlsp3v-FdxZVlFngbnqb8DR5R9hBakZd9Xe1m4mTWV_kvKJfekbi_pgTAPNBsmkydNX9YO', 'places/ChIJiwnX-7y1bTkRs2ec8-1Gmr8/photos/AelY_CsqS_LIOCJtlqK_cSIB3XNhke_AWEnJlfrUNsESfBZp1YnAeU4S0TzTQ72stE8mgs8PLyaGowvy_1OirMqASFo3LY1GUG4YNTAs3H3xm9YnpGc755fp0Z2uP4PiuYEgq5--5nwYPbiZpyKIgjBfnx720Ak-fcI5Z_1p', 'places/ChIJiwnX-7y1bTkRs2ec8-1Gmr8/photos/AelY_CtbkVfxw_l_Eaq91BayYjWZaFGfmnzTI4GyxlhGs0wS3K_HMTmwO-wa76PdVgOWiuz4DGg3YUrZ25VYKpruCjWkyn8Goaxqk8vLcsvQra6Ll5fNAHvBlsAi272e2Zdt-eVGZuSBSz7REhIEd1RwN_7o4Mj9ZxTvv7O0', 'places/ChIJiwnX-7y1bTkRs2ec8-1Gmr8/photos/AelY_CvmH9i-uhTxGEr3xcX344JnzfJBbAEU3uoTtmoxj4EQg5voJb-QSiNr5Bv7Ijly6C6Nd5yYhWWVI6KnmILpV2zvsSzmjxyKgVteI-HFD-NJh9cnpLw1gyPATOwuYK8Gawf4Hq6yRsJ7K3nlyw4o5hMiUkr7hff9Kn0G', 'places/ChIJiwnX-7y1bTkRs2ec8-1Gmr8/photos/AelY_Cswz876VhXsE27eZGDJCZCTKBECqMxBzstUwLVdr2HC47dwC5NvS1gMiKCZBNv05tbairn7DiTa44dTBduwTBdQZ4PFeT2KLtzRFdInQOduUKhuJ15TE4uwtYr3tKFRnRReNgsnWdn96uWQhQrtm5C0PKt-tj2Jw7is']",46.239999999999995
28,Rajasthan Section of Seventh Day Adventist,26.922601999999998,75.7368722,4.7,44,ChIJY_NfYl2zbTkRRqyrYiOOAr0,church,"['places/ChIJY_NfYl2zbTkRRqyrYiOOAr0/photos/AelY_CvXxRONGfU_c20fIdQ3Ftmg9CG2_PaNeX4vvNbGilN1wtBMzMOJQ-rV5wjJwcMumT1kCzhv66lE3PMMHgrIVTJ-bkdJo7dJwL6XFgIM29OJ7kfLqSO9U98I-3zV33xHuZHKm17occnvR3ZSxwOVmdNHVRN40PW63QA', 'places/ChIJY_NfYl2zbTkRRqyrYiOOAr0/photos/AelY_CuW3z0RRVHW2Y2gmWvs_m5ewiJjHv3-F4NExGZK2fmdnW61_Zw5bKxNs3PIwgAefEza47AbD3i4dr3C3wBUCn495-94aE5GrFuGcoZl8n4oUxCMUO3D3L3N9wjkfLA2riQnteOYkJY7BxMPKo36C5_4KexGtZXO2MCx', 'places/ChIJY_NfYl2zbTkRRqyrYiOOAr0/photos/AelY_CsHSggSnU9VEO1BbLb08SWuxPL3ycK9gmZOha3kHv5CQvFaSOl_Cofusm9bkkSQ-Abmmu1S-aR_7j-BcsWcAFLnG4C_Z3D1k-AA-RwGLIQPE7FBo4l7Lerg7sKd4yKqkIOU3sus9EL567_PS1Nq0gu6nYZu9GTVkKOd', 'places/ChIJY_NfYl2zbTkRRqyrYiOOAr0/photos/AelY_CtgMu2FpnW99l3bU7TJuEW3W7v-fUT4WVBWyUIDPpGdW47G9HF4a_rtWi9VUkx62ZpDtm-ZsB_0mRZypAika2LFd-3oI7kMwjp0ovcjMkP0mN0kpgjtGUcYJ-I9tzQAcHRyDMf-S_dv_dZeDQ0GhjbUFzf3R2tnYQ2b', 'places/ChIJY_NfYl2zbTkRRqyrYiOOAr0/photos/AelY_CvlQJgqmEOJ7uShzI0H3VS1hxga_hlxFFoHs4o9zH_L3y7MYsChkvqZmmVax-VzveyH5BKN9pNhhtnard5wtMQJwQzw00pL3xcnqYsWEtomFNTONz-QGn6IYq1pXl1CYjrzNO5LCBdj56Ml3jTOW5KP8GCRXOZWjMCE', 'places/ChIJY_NfYl2zbTkRRqyrYiOOAr0/photos/AelY_CvsNmwaXNo-JlGed-9UxWkbAa2csjwAuOx0pzPilJOiYdu1iw95dr0dzkVI4pIhDKUm8wLksciX-bWEO5XXCFpfMn7KYCDwldn_1w0cC3QuAOHsyByj3tyxnpmtbKn4GAynHxhOPdCfjdDnGTWNqhZ5maqCob093bM6', 'places/ChIJY_NfYl2zbTkRRqyrYiOOAr0/photos/AelY_CuLg_1j1kYAZH1JfUY9Djvf4o1mUkt60bEEhftY9fs9ejV5u29ew6b8cCsbSPmZTVjCFxNNuHsZByYsH-SejgsbF5zYeVkM4zRkOYREPfcgUWNIaekS_Cw6ulI4dPw2TO7_i8XZ1XH9oaLw-JQ_iCWYpHkGHB7pMi5m', 'places/ChIJY_NfYl2zbTkRRqyrYiOOAr0/photos/AelY_CuNAHRKrVCOlpgWKLDbqBRK98SCrXx1j5vAyHVbeuPQ1X5pB8FCcSaqvr4ifQohwdDuW8nOYKt-wTjqnlDo_VOXa64BVAfKYHSzNWAOrtV3G2vCpqOBFbbetDqBsBy0PvWxjfcNQoEzRok6g_R-SxkmQGaUXqpg_qc9', 'places/ChIJY_NfYl2zbTkRRqyrYiOOAr0/photos/AelY_CsEyEgeo_Nh56RxRsaY5dMcBhLPF2kUEa-0xMOErJMsx7LgtD-my5jjzdLHWyXoWQD9ox0yGGRhPdC9xmFwO57js2LN9a954CaT63TUHU9gTPJT-SGxGJWNSvIHxeC55vrXFmcNSF2q8PD4-57prT6ftejGvaebAu_C', 'places/ChIJY_NfYl2zbTkRRqyrYiOOAr0/photos/AelY_Ctxwi5rL-hovUw7edoNQIsiC_zG8cCvoKX7ip8YtvllAg8Pce_7LaEXX9mjC1CgdjKOzEm5LYe8csE6yz9TldHYC3VhElO3gR6Y307VcX1KVu-ejuTrnsUUkUolA0tlUvyzekgDXTTsyy_KlJL-gmQvK2805R06ikog']",32.209999999999994
25,Mor Gregorios Jacobite Syrian Church,26.878978,75.76758699999999,4.5,43,ChIJe6Ob51C0bTkRVeqLlh3yaVE,church,"['places/ChIJe6Ob51C0bTkRVeqLlh3yaVE/photos/AelY_CsnpWHLq-9vAyYbVHqt0BIskO4dwKcbfDd21Y2iEPEjwKmynu_pdfYhi2H55_QtOrW_zc6Yf_OhSh9K-cUkITRnKMvO7kEyMSA-YGhVC791jfnrBGzWgo9WlQumUxQAwmPjWMTKkR36TnUbepwtSgCsYo3-uQqmgBw7', 'places/ChIJe6Ob51C0bTkRVeqLlh3yaVE/photos/AelY_CvaINsYuTtKzuKyqsLAyJpkj9aCiNNnLwuQPC7mtfJRmoQCOeadM7HItfu5dgz2gq9Qe6h3AZEhHXyg9GRo-Y33YUbKikEraelK9o6Z6lbNenYuD4cSUV-nkU9uXKVzl0GZSngBiFhX18dGsQ0DQKrM-F2i7t22GJBp', 'places/ChIJe6Ob51C0bTkRVeqLlh3yaVE/photos/AelY_Cs1qzhwCWk_pCRfU9hHwCQX76_7mxBi2gYtqcJ5oTOY-jVD2yJZT1iT3eZYYXQyE4OfLWK0KfaqwM23KBJXOJ8qj3NqoBXqvyUp9qt2rOdj_ySQGl1yUvl17bxLk2XUaHzvql36xQulz3bcAJ1rAmEXuQgLxVmBdg4g', 'places/ChIJe6Ob51C0bTkRVeqLlh3yaVE/photos/AelY_Ctv2eo1OK1SjR1QuHVZcYqQ0Q285IMS4_nWBatviBr-P5N7YS8Uo8FANDDKBSiObMa1nAfxjzXctnw-VyMbZgTbLz7QvcVoL71JZRT30BrQxo1ZNBgscAF2ebde41PaADNlKXe3f9W-lDbf6hk-8HA3H0i-MfHD37ml', 'places/ChIJe6Ob51C0bTkRVeqLlh3yaVE/photos/AelY_Ctc_9GNevwmor53fxW33MmrqwokQn0waIgGAopuqxpbinDxzo9pwLlR9l2DykVhrGYpoAaHFcCsjLGmz0Xp4hpCitmc6s1WNYjP1KPYi-3ItjTpIUynywWCw3DipcmeT8OoVUSboSDESeO9cmqiMdwWvscSV-7e0jrP', 'places/ChIJe6Ob51C0bTkRVeqLlh3yaVE/photos/AelY_Cup6OvTwv6fMmXbwUpBWhMtky7FrQSM3koxLOkSe1P88PHTAYFHBPl4xiQSFO_t7Is-k64qez7W7XpMsiaGcZpwDkfxAc99fhthZQk4wlkn4L_rU8FJXGM2bcyRohNUIIWjG1YE9MPPcXb9ZwFxrBo9TXb6lKrLLlzi', 'places/ChIJe6Ob51C0bTkRVeqLlh3yaVE/photos/AelY_Cv34lkX8Wn-hLtC0PTSeH_91Dd8Gb4F04U5nXwzJjFmo2WN6txPv4dy8b2RlN-64p-ko2u1Ukm7hrieqLyIRkPfswr4ZVJcffqgwuXZeh93oZ9cjqNUD15GR8dm9128BFW-UxDHQsXX0OksF5syDnRLtBtNmRA7GTPI', 'places/ChIJe6Ob51C0bTkRVeqLlh3yaVE/photos/AelY_CsAJMmeWhPPhB0VkPOm5XFB_CyMot2G7r9coj7GgGY6WdAL_GwkkQ1VNIEGBRHf8yTzxP2fXN15nkJ1N2dk01kPXFnmdKojo-zZciVr_isQwASA1aqhHyZlNNSionYiSTrlL7cDAK1tIPB1Nv69wdFAs_3SZeccUfKK', 'places/ChIJe6Ob51C0bTkRVeqLlh3yaVE/photos/AelY_CsRaaRYv8JeL0oqzsApracJP-7hPHMbXnrPZVMAhrvl47g3V3c5jcw5wwFC_oAQ-bRT0nWa6VXMme4r_pExqaBpgRdsGGi2wQ4CVUUIQx86QoRXegDnFux7uu3GGzE9bEN8yvwQOQlZgJ0VmscRkQJ-y-kgA3JRXd6w', 'places/ChIJe6Ob51C0bTkRVeqLlh3yaVE/photos/AelY_CuetKRlG7nY3xy6mP2akFqq60biYGNek6RQVMMtrccfEon5obuqF8mW3GkXmoOb0sU1IgK4wOXDfdP95rHXg936OVfcExiZ9XKRrYoEnu78Tq_gWXlnZOJMj8jup18Q4csyGEWQMLNyixvVR4HV1pyQN2snwDcNpo83']",31.45
22,"Holy Family Syro-malabar Catholic Church, Jaipur city parish",26.847664899999998,75.7350635,4.9,31,ChIJFWynAFy1bTkRBWJn8WO7Wzo,church,"['places/ChIJFWynAFy1bTkRBWJn8WO7Wzo/photos/AelY_CsxnsPAhWmrZK9xRk1_9loV0fnb5aJwEgB6RMxIK2KLq2LUz0YLfaCvdRaO5XsJa49eaEdrbWErCY-sO8o3u4VIeEglytxbHI22PBQ1T0kHEsgG39EWcRL5ty6IQQfBwSN_JNG2uWBn0i-bxXmgNY-PZhC5tyCpNBqc', 'places/ChIJFWynAFy1bTkRBWJn8WO7Wzo/photos/AelY_CtrTFbk3TT1LmDb05wi8IsWJmOG9h4ORlj5vnTwZ39ILK6xOcSrkkwTcj2PWwUkQUPHKONrWW1p0PMUz5VNSn4RkVPQMnyK_GM4YYXLEZzEXvR09sctjCTrka-gQrNeHhv4CwN60DGf5efdzqzhg8owUFMcZ9suSeLN', 'places/ChIJFWynAFy1bTkRBWJn8WO7Wzo/photos/AelY_CsHhKOi9PtrPaMxbhXaYzdg8liRkpkPguzkfDxv4ZCcPwA1w90FBp5IykVkL5edBU8w1BnXVfbOlTtj1kJtrWG6OQ2UblBq8C_BNBi2TIqISdpKduAZseMIXr6J7_2ol4wZvHtlvAsBs2oTYOPX3_ljYrW_qfvnv0Xa', 'places/ChIJFWynAFy1bTkRBWJn8WO7Wzo/photos/AelY_CtG_Qd6SZCZm3dDP2M9ix9xj6U-tlzqb44nhtYGeMv7fzLLCd6DN5GOj_xW7agmAoWnLhZviK4RoU5u7As1Qi0g1vesjQBpUGEzQ0bklDVTHNS4Elll34qpu0Ft-rkmGISUb5Uf7tX3k_P0JNAWCRqR-h4Xh0jIUgal', 'places/ChIJFWynAFy1bTkRBWJn8WO7Wzo/photos/AelY_CtlZFsv9nXG49qiqJ2jYvv-WWoryWmVfAyeC1_rMvFOGsSYlAbdy2PJxDno-0pwseEyv_VkMWIp5qZKpHqWbUX1UmZlSQy3KBFdL5vj8OfrIlwwrk3HVkOxpCjCntPcHyx7MBpK_ofJYoN95nz1pChDke4KZdrgsHfa', 'places/ChIJFWynAFy1bTkRBWJn8WO7Wzo/photos/AelY_Cux8ixlZPYDpGCYkSbA9G6dJxN0-vUZE43GRFCiU47TmP9eKiE0f9F5DzeP16oYD8GQCp3js65rWM6mor2hxOYhQNs3XR4sSHNqjimm-twVxyVjlzbzRUhHIHLW8aW-bhYMql3-FGRt0ryrnNKDf9dh1Y7dNWF9R0ou', 'places/ChIJFWynAFy1bTkRBWJn8WO7Wzo/photos/AelY_CskAt4HsuKZ19lmoNaR8uA7ZqfjcyNH3ysXfW4Uw1rtkJF7syraNet4UFXmIKsaYJqozAAriUjzcSIqcC8nO8C49ILY-BwXDfR-vuLxNqV13-aQhbIw7h6GWqz5JFiQyCmArY9sr15fba1FjGyb7iVn9PnRTWsK-GVo', 'places/ChIJFWynAFy1bTkRBWJn8WO7Wzo/photos/AelY_Csk18xkFNN9weALb1p0OpmZPxwfmX8S7h1NKses50iXBQm38d3tfjQvVDpCRdFGz2fYNl4ZeMVwG7oxWFcyDyz54vkwBWt7We0z97K3dRj_teBGT7yIy80W6e-cnrdRpgv7Iz8L9T3b1GDnhx8QB_JxJQbJenD2x8zZ', 'places/ChIJFWynAFy1bTkRBWJn8WO7Wzo/photos/AelY_Cu0W6UZo-l93NQ9fJqHtChw5q8OW8_5TEAkiogbFiQIxhq0qrxr2WofkZ3HtqsB0ZajIy_g_sarHOamDW5eNZJ7G26gGmUovNWo16z8gZCx-p2kVz8wk9gLcOFlM8ngOGESezaGANfbBED_WD47QxYFyTRbvQaK1Tcc', 'places/ChIJFWynAFy1bTkRBWJn8WO7Wzo/photos/AelY_Ct7ZOFeebXmubCcfl30pznly2aMFzqO5j5MUWdUi6cJ3GaL6RL0G4UeYYpTPP5A9ucq4FrECR76r9mbHXdTDCbfkep22hacu0dxTGTIPFZcLX1BMBtq6X-XBrk0qprlUHNTjJ_2NjPQwoXPbHex4o7qdflwWDVrl2Cg']",23.169999999999998
24,St. Mary's Malankara Catholic Church,26.8968635,75.75996219999999,4.6,29,ChIJ0y_Fc7G1bTkR7JRydZKWXBc,church,['places/ChIJ0y_Fc7G1bTkR7JRydZKWXBc/photos/AelY_CshFNqYMV37Xu88CQHaq1LiMWaL2evx_TEEqd7aFZiwyJvAmsDoz0q4ZigE74vxsweV5VzmDrN9HvkEtTkqxs3InNjRdpjU8i5Zz6PIqBTJzcxUZ-PGK22dubbVVDaMookplqnlLbBuO7j6SMX70eiUA4bgtIF7Cw9-'],21.679999999999996
23,Rajasthan Bible Institute,26.9099212,75.7817523,4.2,29,ChIJPcLDPnO0bTkRSt1_oi9g_Ek,church,"['places/ChIJPcLDPnO0bTkRSt1_oi9g_Ek/photos/AelY_CuYFkVTuJPbh7QDSFFxzc3yyIV2tqf_vpt_MLhQ3cmCWMobUT8Qbo4baXlqQCg3IbI76I990KWRK5tuBdEm1jjvXXMc3F5A6B-1N2u8HNlTHcwWHnkKfKGLfhoid0vr88CyCf7eDSvt2_WUq5yISjRRdcmPw0xomV5b', 'places/ChIJPcLDPnO0bTkRSt1_oi9g_Ek/photos/AelY_CuykwDDYWNJAkVIAHUV_fvDd63cZK0rqt_HWJhnhZ6fuX1k1Wdasg-j7d3ZmF8gLa3_3BJwMSg_vHQQHy490_U8vUK5Y6Bv77xkDpl7EvNXEtNROTah7eA06T-4NZvLJLLehlBwqUAusQk5v4K0yROJLJUotLS5ksY4', 'places/ChIJPcLDPnO0bTkRSt1_oi9g_Ek/photos/AelY_CtLcKypelclRxrPNuFMgUtbJZDMpaYLySH7xB5twCOldxpC_KBAFRuwB-CRf6K1QdaRzbr2vBP8LGszVOsP0sMJ76XtMk34K4yXQcYKvGZ-3iQYKR_3lcKMy3ajTD1pEfiwRqUg4ZbcAZPNzVgC5V0o5lEKi3bRvAnu', 'places/ChIJPcLDPnO0bTkRSt1_oi9g_Ek/photos/AelY_CvOFx1hEtQNEP2ox8Arh0pQaW_cIwHWjGNJSd4DSybPF63VJkR_vyH0f7c8yXhQTvMiwwbIL-DKvfpi1Heldv78EPkV3TB822a6PTYLFTxL960qZ4EWmFjhO5pWluiK3yFQe9JTtHrZmTsQhvZ_I3nS9FN-hBPXO0_R', 'places/ChIJPcLDPnO0bTkRSt1_oi9g_Ek/photos/AelY_CtzosR_wHpjqdXGAZuySb7xlToT6xg9jHvYplQijFuDT3JzUOED6rQmIYXtJmKm3KI1zaIWvF9zjlTOXuHuktbjFjeSIgXFDTIUsI-8Z3eonTYPdMHjspo4n5eXOJ7VpwF_O2n40sZSSy4nn2U21TCxNicJ3dnnI_H4', 'places/ChIJPcLDPnO0bTkRSt1_oi9g_Ek/photos/AelY_CuJryOSveoslgVUlNGHn8R0bwWUne5RnVbSGlhwKCqISmaoairqPkkp1t-YpsuSeMK01VO0VJTvbc_kQK9Gc6DoOZlyp1xjr183-FSXfyC0wTNDVVG5h_cwubkhZA-Xm_pBXhNWxGoeh8fCtPyPOSDm9SOHUOk6z_g7', 'places/ChIJPcLDPnO0bTkRSt1_oi9g_Ek/photos/AelY_Cv3kfede_XIo5NkL04-iDjdEwrPkiVQR1WnEMTfkcMSIiuQOhV9Wc6TlutMepkBK3Tg28O-qcUAGPeC11f-qEHU9hSY6Y0t0G0cTQFSKc-RhHu7GzBKopu6JXhl7g_V_sP3dC-SduKHuiOmxNq2q1BNSJmHx393cJW1', 'places/ChIJPcLDPnO0bTkRSt1_oi9g_Ek/photos/AelY_CuexS0hkYLYVxlQzIiP6mF3R9egNiEY4cWjQyzvkDkUvMXCfZKKK5780u5Gk7baDBqT4GDFWc780aWSDwTggenCFn6daR1H4mCjD0MYdBmyQIfA4MKQVW9fYxrGU_XRpIMq71wriMtsNqg551MufYf8xX5xRI3f6i2v', 'places/ChIJPcLDPnO0bTkRSt1_oi9g_Ek/photos/AelY_CtL9yjy9GpjfyReInPoG0ElMFnriasuNH_4zvfin3qWX6V1r_P-Kk13034YXfV2lHpCcbvnweLNgCXtEcY-CBnctwqdtRy7iIvMv54m6K_07qwsO9q6f5hXlMJ9e-ync90DjhcqIOTvTkSFlijqfvwI7SUvMtDgz8gW', 'places/ChIJPcLDPnO0bTkRSt1_oi9g_Ek/photos/AelY_Cs7gNAOEDq8R05AqbOsXf1pWXzMPzGuHmQDzwlyDyGwxFhBHAqKuzb-hF9cx8CnsrKYZqeYpxnIeCJZageIsCNQi_1i6biNqTNL5XrUKGl1BttO5wqooT6g8i8MPd66ANX_cRDzJuH8d7orwEdsqVu7nVj9qR6c_7d9']",21.56
27,Bethel Fellowship Church,26.859630799999998,75.7512574,4.7,14,ChIJ2VH0dzu1bTkRM4QZLv7s6Yg,church,"['places/ChIJ2VH0dzu1bTkRM4QZLv7s6Yg/photos/AelY_CuLYiNnYhpSFXwWOFv7m_FmqrB88a1ydYo6Lg7p0Zf0S8aYWLTKV9z6ImhssDtnpVEnyXGR8PjEHQxcaTUPED_HKKEpkmP-xoGV0jUCCgzQhe66bxZ7R_QvfYjTon14qu6fT6AohYJxnURrrzQkRb6K-EFUAHZ5ldC9', 'places/ChIJ2VH0dzu1bTkRM4QZLv7s6Yg/photos/AelY_CsnC7kpIJif5OFlCy47C-nHwAcKwbQx0TbTx7-7nP-oVvPyrvv188FqIFPHAUkMIgjYmOOeLERhrFvhhFut3IQwH3Yz6mt4dmZ1iXILZVFdUHaHZTqKkn6wP2xamGaslDBBu_cgdh0nUGyrYP07Fctyvelz7_lSOo-U', 'places/ChIJ2VH0dzu1bTkRM4QZLv7s6Yg/photos/AelY_CsxqGtvG17ZiaQ-NcpabLS7N2MB4O8zVFTm40S4uqbAyOMDw3muaUFTwOMjxik8jg-ebSfVVsxj6--LI2frfqa_hZQjZ3-v0VMT-DSwXkfMPstt3GnZeEhQ_yahV2by9XRNtJYj7oYofhTROWRkM3wTHrEnehgX-Evs', 'places/ChIJ2VH0dzu1bTkRM4QZLv7s6Yg/photos/AelY_CvmFzsX-DTzbHo0ByZEh0947hGkXCzCwhr7noVvc4WbA5LmRFhCESrOOrYQX3J-plYoMBu7HT5mKOMR_W6HHM3ePmksmUQMJm-zHfpqKnddwgBtrGbPoBW5zrTMX_NHcNR1JTK0Z-cM6UIzpf8yR4xMX1kretskBV5N', 'places/ChIJ2VH0dzu1bTkRM4QZLv7s6Yg/photos/AelY_CtmZL7XlBNuoSF-GHFlN6vpHHVFjFuJk33kzi5TqdlLrUV7z91VyoGkKQGtgIAtz2FUAP2F9PZbLopfi_noa4z1bSNIcyET0D74hz2dlggi_tiits-UNShWfgxuDFc7lS3UEzWnp_ARSJi5m5HEnfNnQNFh39Lt8Y0M', 'places/ChIJ2VH0dzu1bTkRM4QZLv7s6Yg/photos/AelY_CvpX0bxqtbFFfkJad4fxcicJgpxoyNJhdR9X_5d9M5h-45zi9egd6jFD264na2cVz-2nMyiKpqUs0tcGZsx7-GERwoE_xC2okLeW6a2ku_wbtDcOYG-CO2owCVkbCh1DtPMHpyggWee_TWODiudITZ-e9b7DH6JWW0p', 'places/ChIJ2VH0dzu1bTkRM4QZLv7s6Yg/photos/AelY_Cu7DIjkH7UoJhVg4XJPIs4kBlT_5pbvGEygteQAfUHeZuUmkhZvWbblyjR77Yxm3mAwM1x2NQ7QtHH7ZlKklrlzAL_5R-IzFoPf1pZMkwah98pOkWk38c5go4Wf6isnOg-dV4W1tcspBrVGQeFyjgjgl2dXOhPjezbT', 'places/ChIJ2VH0dzu1bTkRM4QZLv7s6Yg/photos/AelY_CvnzIH8BMooc6DL_ao95PrzsVMPyar_m_y-bPuKokV9h6PFczfD5ZvDCIDFhnVbMbDcLI2FAT3O3vzGRX_7Zijw5fBJYDPMDs8b_WqUNGkwd5mEc9qacx1W5TuVc6dZFKmxK0Xw7VYng-rqUvRhxMsuBuKj0vNoynGH', 'places/ChIJ2VH0dzu1bTkRM4QZLv7s6Yg/photos/AelY_CvHgzUv0zq1Y-7flX_zElPYiH8yT0KBM98nHM-LbSxDK4HiHWy2aG5C4OGKwhhHiNm7O5gQ3XzAn3RPBWGBL7cXO1_0eNDLL6G7_fhX6pckq7Rzoeh5A6GoLzwUG856hFXV5KElP2a7Xl4ARfoOXuiyZFyUxCuzefJl', 'places/ChIJ2VH0dzu1bTkRM4QZLv7s6Yg/photos/AelY_CuEST0Q8y0874jjK_6Mvdcc3OER_eBi_jlnsDYn26ApIrqL9pWs6oJNpqEBYyGeDe6_jAC5m9xNzDW4KdRBNNSl1CcFjTg8cpVi8Sd111jMM7sQoR3KGO8u6kDWk-VU1RKBuj3MDDN-ziYSfHaoceoUrBMuLBEK4UGZ']",11.209999999999999
26,St. John the Baptist Church,26.903734999999998,75.7038122,4.8,9,ChIJo86SnCNLbDkR4lq35HtdccA,church,"['places/ChIJo86SnCNLbDkR4lq35HtdccA/photos/AelY_CuotojIn6w9YUaXdvW3aQghXlA4pQkrLtr791FQhjqnsrcVf7wu03jfEAviTgQZx7M6Zno6mrVgr1HCFyzaJA9KILcjFuEt4PuupY_4x86FNiFJ0-8Dr3jZ3-ODWBoKAWTKZsgj1P_o7isO8I4rfCv7pHSUanQP9eTA', 'places/ChIJo86SnCNLbDkR4lq35HtdccA/photos/AelY_CtX3OTeCAsMlGJBOcStO_3LTbALJscon2ACtGjYFCYvRhf1yCxjai_pd7P-a0F9vKXTNljG2Wv8x3o-4aGsfIpVpRtvNQQMw6MdGLxGsAA38JfoRpnjYBEx4DXSTEZwujnmppqoEgUZI_YjWUSK58W-8LB7N73sWfJ_', 'places/ChIJo86SnCNLbDkR4lq35HtdccA/photos/AelY_Csz1pQpl-AdJ4KPY8jZweRV60IA1IpZpYFNcV2FJq8x4KNSTBZ1uxSggLjiT5rh5kl8CYvCh45DYfXf-baTFML6ZTPQxTMFEBg9b5QS1H5DtIdqePXium9oFGXZ-wd6YT6k_21FPMuM_lMMKi4bj0hSk_ResDUX0PBO']",7.74
21,Sacred Heart Catholic Church,26.9113154,75.8321654,4.8,8,ChIJ0yPfv3a3bTkRswvh5aNr5Zk,church,"['places/ChIJ0yPfv3a3bTkRswvh5aNr5Zk/photos/AelY_CtcAWwvPQkvJNxPj9bp3srPebSz6ySkQtHzhfYL1ZMrcd1NBlvOKvi3_JKwPkWsxP3zwGLivrQMaFrxAuM7O-0i-98blJ9uKRCVN6iKuU7kZ81O64F0k-kRLNBvcSpGglGoglVp7Yz6zF1nCXXNeNIUfDK38oe6kdaB', 'places/ChIJ0yPfv3a3bTkRswvh5aNr5Zk/photos/AelY_Ct8miydi79QM_YppNcVXHM-7K-Uq8x_wVN48Yp-AwsoUUsQ2QOB8MSbtXbtsfkz9yZAFg4qT1S3hD1CmIu8TfUcqbCrxu6VisH0JepFR5mZU58K99LKQ-c6ZIWIZyhjHaH0wpVZrbYYyPW7fitrjX3vW3NYmfvsJE3A', 'places/ChIJ0yPfv3a3bTkRswvh5aNr5Zk/photos/AelY_CufMTsNbHCOgjkqBGABJXh_jifu8QjG9GM9NNzzZkgvcBvVTU0VU1irTT5ZpeEZYU9cISE9rVqp5bO3pOxU2-6leONdT9YJhAm7lWNTFD1CQcdRoTcVMOGdZnRjRkHXGYSphyxlv-wjeMGOi8cEDecbqbdeYmcj5tpm', 'places/ChIJ0yPfv3a3bTkRswvh5aNr5Zk/photos/AelY_CvCTUknv1NDPwPn1GsS2oBcX8VpyoZfLtenJgcwzatWLxys8EEjo6spLVGYOfLDiNSgRwg0JWFYXBScXFOrGbWaoOTN-6lKWwoZbdU10qwNUgHQijzsbrDHggmEmIo7OExejQ15qpDQFVrJYc-ocfnRrD3NPcCmg8zm']",7.039999999999999
29,ANLMC CHURCH,26.861114699999998,75.7259132,4.8,6,ChIJueHu1om1bTkRpC8mRdJmEpI,church,"['places/ChIJueHu1om1bTkRpC8mRdJmEpI/photos/AelY_CufzuFIWZCuudJbdHe7sAbkkMTkGxCq20Qy2kmon2o-r8MDVT_9RisJakBEtIWh6saxOhh5o8Vkyn2DRtNEzozU9Oh7Hms_6NQCcCvZCFjUELsv8RQqhzxpZdUruIZtsZAStRPZTNRaAbvkGFhmVeu8qYkbxuK0h8Tx', 'places/ChIJueHu1om1bTkRpC8mRdJmEpI/photos/AelY_Cu7P8bZ1FqlRw61QST9retkerpjO8TnhFg4Jtlv40UJqwWGxBOVOITyodmSLwNGHsZIR01KpkaWIU72tV8CJV3KlUOHoJ5xvhfTkYbqI2sfSe6QFiZArIJgn5KlNEE3KUTUQ2Hg-VoTbMMAliltK6kR0B0QaFZVNvQU', 'places/ChIJueHu1om1bTkRpC8mRdJmEpI/photos/AelY_CsyVMYQLe7ExwXIjV_RkwpY1SKKTKkE1H9kMVUiyH3nCvc4xZLUAH3pL4S3T61jI7eyGjshzrPVqzuWODmR4fgrtjeo6YJhEFsqgI-DcTqdM6DzEYNr-i8es_GvfK8fVnUNKZxeikf_kqpoAz-hcwvyKoPA4huq45FH', 'places/ChIJueHu1om1bTkRpC8mRdJmEpI/photos/AelY_Csp11Rku8Y-BMobGO_N57li7Gbrp4Wx4IkGtXzI5DIjOkyAmZNVq1VSFsAK4mrqbrtvXIUjerbocVb1g89c71uQq1-2SzKuP_qB7de5Xjgf9CAAkRdlKTgYx5W9LPBvN5gmohuIQA8HNwD2GHm0K-A5TvB312RX0szQ']",5.639999999999999
30,Cavalary Bible Church,26.910097,75.7815778,5.0,5,ChIJ9TiI9ZW1bTkRgyt6_7UulKs,church,"['places/ChIJ9TiI9ZW1bTkRgyt6_7UulKs/photos/AelY_Cs-Z8kIiDCc1rslYyDI5l0bqce5CuDBoT59Mr_Qu6FKJxsrapFF2lBp6F6lLeGZa-UkYHFdSdFc3WOPau3XDSy9pi-z0UdhqYA4vS9AENAmXH_T0HUznhqW2wIjHt_sKxu-8b4D97tx7Z19G9SeorYT3XdtwDtxL-EK', 'places/ChIJ9TiI9ZW1bTkRgyt6_7UulKs/photos/AelY_CsUhtLJN_R0drO1NAdkz54Lsp7q4rxEGf3BGvz-JxHN5Nbd7g841E5HojLWEMnHXZy9W-t20DS63y8zYALWjo6Tdv2mXv7EQinEIqlv1kP_qL-QhKJUYlciYPFKoZmyS9r0a8T6HLlI4beUyXeNpMEkdlQ3glcfqzK9', 'places/ChIJ9TiI9ZW1bTkRgyt6_7UulKs/photos/AelY_CsfmbCB1ncpCcwooZN0zmDq2S8666t-p3xbJbZjBcMvVbn8L2T9jFEnZnDIZWLduy9gXd-gYj8EwiSVUaTJ2DKOIebDC59vwOz96FOsI81UsUjXGkXQMIeC_6pBE9C5-oy8pcby9iLSX5IB99d98-bek-lHmuqQf6wX']",5.0
